# ARK Zero-Parameter Inverse Solver V5.4 (Final)
# alpha = 4pi/3 = 4.188790 (DERIVED)
# Free parameters: 0
# Upsilon_disk = 0.5, Upsilon_bulge = 0.7
# Global r = 0.8922, Global RMS = 34.8 km/s
# chi2/N (composite) = 7.6581
#
# Galaxy                Rad     Vobs     errV  Vbar_meas  Vbar_pred     kappa     Vgas    Vdisk     Vbul
#                       kpc     km/s     km/s       km/s       km/s               km/s     km/s     km/s
  CamB                0.160     1.99     1.50      3.239      1.359    1.0000     1.86     3.75     0.00
  CamB                0.410     4.84     1.50      7.926      3.288    1.0000     4.24     9.47     0.00
  CamB                0.570     6.79     1.50     10.031      4.588    1.0000     5.61    11.76     0.00
  CamB                0.730     8.87     1.50     11.830      5.946    1.0000     6.77    13.72     0.00
  CamB                0.900    10.90     1.50     13.034      7.223    1.0000     7.77    14.80     0.00
  CamB                1.060    12.90     1.50     13.688      8.428    1.0000     8.44    15.24     0.00
  CamB                1.220    14.70     1.50     13.741      9.431    1.0000     8.64    15.11     0.00
  CamB                1.470    16.80     1.50     13.845     10.386    1.0000     8.08    15.90     0.00
  CamB                1.790    20.10     1.50     12.606     11.550    1.0000     6.91    14.91     0.00
  D512-2              0.960    22.90     2.71     11.265     10.789    0.3971     4.08    14.85     0.00
  D512-2              1.920    33.50     2.71     16.238     17.242    0.4615     6.24    21.20     0.00
  D512-2              2.880    37.20     4.19     16.336     21.563    0.5768     7.45    20.56     0.00
  D512-2              3.830    35.90     5.98     16.342     23.918    0.7775     8.09    20.08     0.00
  D564-8              0.510     8.54     1.53      5.680      4.690    0.5446     3.47     6.36     0.00
  D564-8              1.020    15.10     1.41      8.118      8.607    0.5875     5.33     8.66     0.00
  D564-8              1.530    19.80     1.80      9.028     11.937    0.6632     6.34     9.09     0.00
  D564-8              2.040    21.90     1.82      9.238     14.177    0.7829     6.86     8.75     0.00
  D564-8              2.560    24.00     1.89      9.115     17.025    0.9941     7.05     8.17     0.00
  D564-8              3.070    25.00     2.05      8.878     17.010    1.0000     7.04     7.65     0.00
  D631-7              0.450     8.41     1.58     10.975      6.087    1.0000     8.40     9.99     0.00
  D631-7              0.900    17.80     2.22     17.406     12.833    1.0000    13.51    15.52     0.00
  D631-7              1.350    26.00     2.35     22.235     18.615    1.0000    16.70    20.76     0.00
  D631-7              1.800    30.90     2.22     24.058     21.925    1.0000    18.72    21.37     0.00
  D631-7              2.250    34.70     1.82     24.381     24.377    1.0000    19.90    19.92     0.00
  D631-7              2.690    38.80     1.81     24.510     26.961    1.0000    20.61    18.76     0.00
  D631-7              3.140    42.50     1.57     24.092     29.161    1.0000    20.73    17.36     0.00
  D631-7              3.590    45.60     1.59     23.621     30.848    1.0000    20.61    16.32     0.00
  D631-7              4.040    48.80     1.83     23.097     32.490    1.0000    20.38    15.37     0.00
  D631-7              4.490    51.80     1.91     22.383     33.865    1.0000    19.90    14.49     0.00
  D631-7              4.940    54.80     2.19     21.717     35.083    1.0000    19.43    13.72     0.00
  D631-7              5.390    56.60     2.73     20.975     35.375    1.0000    18.84    13.04     0.00
  D631-7              5.840    58.40     3.27     20.262     35.516    1.0000    18.25    12.45     0.00
  D631-7              6.290    58.50     3.95     19.562     34.501    1.0000    17.65    11.93     0.00
  D631-7              6.740    57.70     4.07     18.893     32.913    1.0000    17.06    11.48     0.00
  D631-7              7.190    57.30     3.94     18.239     31.523    1.0000    16.47    11.08     0.00
  DDO064              0.100     6.29     4.62      0.802      4.583    1.0000    -1.13     1.96     0.00
  DDO064              0.300    13.90     4.62      3.729     10.075    1.0000    -2.45     6.31     0.00
  DDO064              0.490    15.60     4.62      6.808     11.242    1.0000    -0.64     9.67     0.00
  DDO064              0.690    18.40     4.62     10.153     13.187    1.0000     2.49    13.92     0.00
  DDO064              0.890    22.50     4.62     10.882     16.025    1.0000     1.87    15.16     0.00
  DDO064              1.090    26.50     4.62     12.623     18.732    1.0000     4.97    16.41     0.00
  DDO064              1.290    35.30     4.62     15.383     24.684    1.0000     9.29    17.34     0.00
  DDO064              1.480    40.50     4.62     18.806     27.911    1.0000    13.62    18.34     0.00
  DDO064              1.680    44.20     4.89     21.147     29.889    1.0000    16.26    19.12     0.00
  DDO064              1.880    46.30     4.62     22.819     30.621    1.0000    18.16    19.54     0.00
  DDO064              2.080    46.40     4.62     23.836     29.946    1.0000    19.64    19.10     0.00
  DDO064              2.270    46.30     4.62     24.145     29.152    1.0000    20.17    18.77     0.00
  DDO064              2.370    46.40     6.73     24.436     28.819    1.0000    20.59    18.61     0.00
  DDO064              2.980    46.90     8.65     25.290     26.375    1.0000    22.17    17.21     0.00
  DDO154              0.490    13.80     1.60      9.474     10.264    0.9968     3.74    12.31     0.00
  DDO154              0.990    21.60     0.80     12.708     15.941    1.0000     7.46    14.55     0.00
  DDO154              1.480    28.90     0.70     14.213     21.068    1.0000    10.87    12.95     0.00
  DDO154              1.970    34.30     0.50     15.621     24.618    1.0000    13.32    11.54     0.00
  DDO154              2.470    38.20     0.40     16.431     26.908    1.0000    14.77    10.18     0.00
  DDO154              2.960    42.00     0.20     17.447     28.955    1.0000    16.20     9.16     0.00
  DDO154              3.460    44.60     0.20     18.568     29.965    1.0000    17.60     8.37     0.00
  DDO154              3.950    46.30     0.20     18.734     30.215    1.0000    17.91     7.77     0.00
  DDO154              4.440    47.40     0.30     18.224     29.916    1.0000    17.48     7.29     0.00
  DDO154              4.940    48.20     0.60     17.617     29.245    1.0000    16.93     6.89     0.00
  DDO154              5.430    47.40     0.70     16.926     27.524    1.0000    16.28     6.55     0.00
  DDO154              5.920    45.50     1.30     16.254     25.188    1.0000    15.64     6.26     0.00
  DDO161              0.600    16.00     3.53     11.215      8.123    0.5129     6.82    12.59     0.00
  DDO161              0.730    16.60     4.83     12.924      8.563    0.5295     8.12    14.22     0.00
  DDO161              0.850    18.60     2.50     14.250      9.864    0.5598     9.30    15.27     0.00
  DDO161              0.980    20.00     7.58     15.923     11.014    0.6038    10.41    17.04     0.00
  DDO161              1.070    21.40     4.03     17.016     12.308    0.6589    11.27    18.03     0.00
  DDO161              1.540    28.90     2.74     21.987     17.623    0.7444    15.22    22.44     0.00
  DDO161              2.020    32.90     2.65     25.723     21.366    0.8514    18.74    24.92     0.00
  DDO161              2.490    35.20     2.88     28.235     24.334    0.9757    21.52    25.85     0.00
  DDO161              2.960    37.60     3.05     29.668     26.139    1.0000    23.28    26.01     0.00
  DDO161              3.430    40.60     3.68     30.434     28.027    1.0000    24.59    25.36     0.00
  DDO161              3.900    42.70     3.25     31.131     29.261    1.0000    25.62    25.01     0.00
  DDO161              4.370    45.50     2.99     31.527     30.940    1.0000    26.35    24.48     0.00
  DDO161              4.860    48.90     1.96     31.846     32.961    1.0000    27.08    23.70     0.00
  DDO161              5.340    51.50     1.53     32.106     34.391    1.0000    27.81    22.69     0.00
  DDO161              5.810    53.00     1.86     32.243     35.051    1.0000    28.40    21.59     0.00
  DDO161              6.280    55.00     1.48     32.518     36.005    1.0000    28.98    20.86     0.00
  DDO161              6.750    57.60     0.99     32.811     37.294    1.0000    29.57    20.11     0.00
  DDO161              7.220    59.70     1.19     33.255     38.193    1.0000    30.30    19.38     0.00
  DDO161              7.690    60.50     1.26     33.868     38.215    1.0000    31.18    18.70     0.00
  DDO161              8.160    61.80     1.33     34.510     38.516    1.0000    32.06    18.06     0.00
  DDO161              8.640    62.90     1.35     34.899     38.635    1.0000    32.64    17.47     0.00
  DDO161              9.110    63.00     2.09     35.323     38.122    1.0000    33.23    16.94     0.00
  DDO161              9.580    64.50     2.38     35.346     38.416    1.0000    33.38    16.44     0.00
  DDO161             10.050    65.60     1.08     35.241     38.408    1.0000    33.38    15.98     0.00
  DDO161             10.520    67.50     3.22     34.589     38.786    1.0000    32.79    15.57     0.00
  DDO161             10.990    66.80     2.37     33.809     37.619    1.0000    32.06    15.18     0.00
  DDO161             11.460    66.80     0.95     32.892     36.836    1.0000    31.18    14.81     0.00
  DDO161             11.940    66.60     0.96     31.981     35.899    1.0000    30.30    14.47     0.00
  DDO161             12.410    66.80     0.99     31.077     35.162    1.0000    29.42    14.16     0.00
  DDO161             12.900    66.30     0.74     30.318     33.990    1.0000    28.69    13.86     0.00
  DDO161             13.370    66.10     1.31     29.423     32.986    1.0000    27.81    13.59     0.00
  DDO168              0.410    15.00     4.10     11.944     10.824    0.9029    10.41     8.28     0.00
  DDO168              0.820    23.40     1.30     20.175     17.299    0.9614    18.08    12.66     0.00
  DDO168              1.240    29.20     1.50     22.754     21.796    1.0000    20.09    15.11     0.00
  DDO168              1.640    36.20     1.10     23.149     26.692    1.0000    20.20    15.99     0.00
  DDO168              2.060    44.00     1.10     25.033     31.890    1.0000    22.00    16.89     0.00
  DDO168              2.470    52.10     1.20     25.634     36.886    1.0000    22.63    17.03     0.00
  DDO168              2.890    52.90     1.70     25.904     36.350    1.0000    22.95    16.99     0.00
  DDO168              3.300    54.80     2.20     25.785     36.415    1.0000    22.74    17.19     0.00
  DDO168              3.710    55.00     2.50     25.775     35.140    1.0000    22.74    17.16     0.00
  DDO168              4.120    52.00     2.70     25.517     31.825    1.0000    22.74    16.37     0.00
  DDO170              1.870    27.70     3.00     15.517     16.878    0.6400     8.68    18.19     0.00
  DDO170              3.360    42.40     1.50     20.546     26.952    0.7019    15.07    19.75     0.00
  DDO170              4.860    52.50     1.00     24.955     35.323    0.8012    20.59    19.94     0.00
  DDO170              6.350    55.60     1.00     28.096     39.929    0.9450    24.61    19.17     0.00
  DDO170              7.850    58.60     1.10     30.013     42.204    1.0000    26.94    18.71     0.00
  DDO170              9.340    59.00     1.20     30.221     41.247    1.0000    27.60    17.41     0.00
  DDO170             10.830    60.00     1.30     29.076     40.582    1.0000    26.77    16.05     0.00
  DDO170             12.330    62.20     1.00     27.068     40.446    1.0000    24.90    15.01     0.00
  ESO079-G014         0.410    33.20    11.60     20.590     21.447    0.7739     2.21    28.95     0.00
  ESO079-G014         0.980    50.40    11.80     33.946     33.159    0.8069     4.41    47.60     0.00
  ESO079-G014         1.780    53.90     9.75     44.420     36.349    0.8536     6.75    62.09     0.00
  ESO079-G014         2.690    67.60     5.10     54.053     46.798    0.9066     8.55    75.48     0.00
  ESO079-G014         3.360    81.70     5.06     58.852     57.942    0.9587     9.18    82.21     0.00
  ESO079-G014         4.390   102.00     5.35     62.125     73.280    1.0000     9.29    86.87     0.00
  ESO079-G014         5.650   116.00     6.44     65.905     82.323    1.0000     9.50    92.23     0.00
  ESO079-G014         6.340   132.00     9.10     68.780     92.944    1.0000    10.22    96.19     0.00
  ESO079-G014         6.890   137.00     5.25     72.070     95.782    1.0000    11.87   100.53     0.00
  ESO079-G014         8.340   154.00     4.20     82.300    105.408    1.0000    17.23   113.81     0.00
  ESO079-G014        10.040   163.00     3.28     94.189    108.339    1.0000    24.23   128.72     0.00
  ESO079-G014        11.650   170.00     2.41     99.220    109.440    1.0000    30.75   133.41     0.00
  ESO079-G014        13.360   175.00     2.18    100.765    108.306    1.0000    36.20   132.99     0.00
  ESO079-G014        15.060   177.00     2.23     99.052    104.648    1.0000    39.42   128.51     0.00
  ESO079-G014        16.670   178.00     2.03     96.726    100.036    1.0000    40.49   124.23     0.00
  ESO116-G012         0.250    20.90     3.40     12.252     14.502    0.8569    -0.22    17.33     0.00
  ESO116-G012         0.830    40.00     3.29     24.655     28.379    0.9052    -1.80    34.96     0.00
  ESO116-G012         1.380    51.50     2.96     36.270     37.391    0.9599    -1.55    51.34     0.00
  ESO116-G012         1.850    67.90     3.45     43.936     49.940    1.0000     5.01    61.73     0.00
  ESO116-G012         2.680    80.20     2.93     44.573     57.995    1.0000    12.54    60.49     0.00
  ESO116-G012         3.190    83.30     3.08     47.681     59.579    1.0000    16.68    63.17     0.00
  ESO116-G012         3.680    91.40     2.83     50.292     64.640    1.0000    20.19    65.14     0.00
  ESO116-G012         4.130   102.00     5.40     51.932     71.258    1.0000    22.31    66.32     0.00
  ESO116-G012         5.230   105.00     4.21     52.329     70.883    1.0000    25.63    64.52     0.00
  ESO116-G012         6.050   109.00     2.10     50.494     71.541    1.0000    27.28    60.09     0.00
  ESO116-G012         6.810   108.00     2.10     48.686     68.905    1.0000    28.58    55.74     0.00
  ESO116-G012         7.560   109.00     2.10     48.780     67.498    1.0000    30.70    53.61     0.00
  ESO116-G012         8.320   110.00     2.10     49.540     65.880    1.0000    33.83    51.18     0.00
  ESO116-G012         9.090   111.00     2.33     49.638     63.998    1.0000    35.49    49.08     0.00
  ESO116-G012         9.860   112.00     4.74     47.033     61.822    1.0000    33.74    46.34     0.00
  ESO444-G084         0.260    18.30     1.80      7.456     10.234    0.5720     4.59     8.31     0.00
  ESO444-G084         0.770    35.30     3.00     15.581     20.439    0.6156    11.55    14.79     0.00
  ESO444-G084         1.290    47.80     4.63     19.399     28.933    0.6800    16.45    14.54     0.00
  ESO444-G084         1.810    52.80     1.26     21.341     33.546    0.7646    19.03    13.66     0.00
  ESO444-G084         2.320    58.00     3.11     21.886     38.684    0.8710    20.09    12.28     0.00
  ESO444-G084         3.390    63.10     1.35     18.765     42.490    1.0000    17.39     9.97     0.00
  ESO444-G084         4.440    62.70     7.36     15.658     38.652    1.0000    14.45     8.53     0.00
  ESO563-G021         0.450    18.90     9.78     46.096     11.695    0.6682     0.00    65.19     0.00
  ESO563-G021         1.340    58.30    10.50     84.973     36.445    0.6822     0.00   120.17     0.00
  ESO563-G021         2.230    74.10     5.69     97.213     47.162    0.7078     0.00   137.48     0.00
  ESO563-G021         3.120   119.00     4.27    103.365     77.600    0.7441     0.00   146.18     0.00
  ESO563-G021         4.010   141.00     3.76    111.624     94.627    0.7901     0.00   157.86     0.00
  ESO563-G021         4.900   195.00     4.54    124.302    135.108    0.8460     0.00   175.79     0.00
  ESO563-G021         5.790   227.00     4.20    140.849    162.753    0.9128     0.00   199.19     0.00
  ESO563-G021         6.690   246.00     4.24    154.057    182.300    0.9854     0.00   217.87     0.00
  ESO563-G021         7.580   268.00     5.56    161.680    198.812    1.0000     0.00   228.65     0.00
  ESO563-G021         8.470   283.00     2.96    170.950    208.487    1.0000     0.00   241.76     0.00
  ESO563-G021        10.230   291.00     9.81    184.512    211.374    1.0000     0.00   260.94     0.00
  ESO563-G021        12.060   310.00     4.74    194.483    221.753    1.0000     0.04   275.04     0.00
  ESO563-G021        13.440   310.00    20.40    196.562    219.101    1.0000     0.40   277.98     0.00
  ESO563-G021        15.180   310.00    16.10    199.605    215.825    1.0000     3.11   282.25     0.00
  ESO563-G021        16.830   314.00    13.50    200.919    215.469    1.0000    15.18   283.33     0.00
  ESO563-G021        18.560   317.00    12.70    196.832    214.144    1.0000    22.91   276.47     0.00
  ESO563-G021        20.300   319.00    10.40    195.286    212.007    1.0000    33.06   272.19     0.00
  ESO563-G021        21.940   318.00    10.80    195.946    208.025    1.0000    33.62   273.00     0.00
  ESO563-G021        23.680   317.00     9.30    195.924    203.836    1.0000    39.67   271.34     0.00
  ESO563-G021        25.410   317.00     7.23    190.383    200.271    1.0000    44.98   261.62     0.00
  ESO563-G021        27.060   312.00     8.39    184.769    193.749    1.0000    46.29   252.97     0.00
  ESO563-G021        28.800   312.00     8.37    177.753    190.181    1.0000    43.21   243.84     0.00
  ESO563-G021        30.530   311.00    11.50    171.392    185.954    1.0000    45.08   233.85     0.00
  ESO563-G021        32.180   310.00    14.50    167.348    181.842    1.0000    52.43   224.75     0.00
  ESO563-G021        33.910   313.00    15.90    164.126    179.740    1.0000    59.70   216.21     0.00
  ESO563-G021        35.650   320.00     8.83    159.983    179.506    1.0000    61.56   208.83     0.00
  ESO563-G021        37.300   321.00     7.88    156.666    175.740    1.0000    63.33   202.65     0.00
  ESO563-G021        39.030   320.00     8.00    152.719    170.453    1.0000    62.96   196.77     0.00
  ESO563-G021        40.760   315.00     9.82    149.026    162.970    1.0000    62.40   191.39     0.00
  ESO563-G021        42.410   312.00     9.07    146.062    156.743    1.0000    62.21   186.89     0.00
  F561-1              1.610    23.40    10.00     20.890     11.427    0.4390     5.21    28.61     0.00
  F561-1              3.230    40.60     5.00     28.598     20.922    0.4845    10.57    37.58     0.00
  F561-1              4.840    45.50     5.00     31.800     25.211    0.5574    15.71    39.10     0.00
  F561-1              6.450    49.20     5.00     37.509     29.528    0.6600    20.94    44.01     0.00
  F561-1              8.060    50.40     5.00     43.029     33.180    0.8205    25.97    48.52     0.00
  F561-1              9.660    50.40     5.00     45.588     35.415    1.0000    29.26    49.44     0.00
  F563-1              1.070    22.10     7.17     13.091     16.877    1.0000     1.98    18.30     0.00
  F563-1              1.780    42.70    10.66     17.794     32.509    1.0000     4.03    24.51     0.00
  F563-1              2.490    60.60     7.69     20.392     45.891    1.0000     6.25    27.45     0.00
  F563-1              2.970    76.80    11.10     21.457     57.854    1.0000     7.78    28.28     0.00
  F563-1              3.040    81.60    17.50     21.489     61.411    1.0000     8.01    28.20     0.00
  F563-1              3.190    87.00     8.93     21.647     65.327    1.0000     8.49    28.16     0.00
  F563-1              6.950    90.00    24.80     27.479     63.976    1.0000    17.83    29.57     0.00
  F563-1              8.580    97.80     9.40     30.730     67.983    1.0000    22.83    29.09     0.00
  F563-1              9.260    93.70    25.30     32.144     64.514    1.0000    24.91    28.73     0.00
  F563-1              9.890   103.00    23.80     33.529     70.260    1.0000    26.69    28.70     0.00
  F563-1             10.080    97.40    11.00     34.037     66.246    1.0000    27.31    28.73     0.00
  F563-1             11.840   106.50     9.48     36.578     70.401    1.0000    30.86    27.77     0.00
  F563-1             14.560   112.00    11.00     35.463     70.068    1.0000    30.44    25.73     0.00
  F563-1             15.430   111.50     9.40     35.465     68.349    1.0000    30.70    25.11     0.00
  F563-1             17.930   111.00    24.30     37.263     63.705    1.0000    33.36    23.48     0.00
  F563-1             19.020   112.50     7.75     37.990     62.427    1.0000    34.35    22.95     0.00
  F563-1             20.100   106.00    10.70     38.632     56.772    1.0000    35.34    22.07     0.00
  F563-V1             1.310    12.00     5.00      9.104      6.260    0.4841     4.66    11.06     0.00
  F563-V1             2.630    21.70     5.00     15.339     11.884    0.5310     9.66    16.85     0.00
  F563-V1             3.930    28.60     5.00     21.545     16.957    0.6246    13.79    23.41     0.00
  F563-V1             5.240    29.50     5.00     23.733     19.448    0.7939    16.46    24.18     0.00
  F563-V1             6.550    28.60     5.00     24.925     20.460    1.0000    18.52    23.59     0.00
  F563-V1             7.870    27.30     5.00     26.057     18.607    1.0000    20.17    23.33     0.00
  F563-V2             0.280    11.90     7.89      4.500      6.283    0.5646     0.95     6.22     0.00
  F563-V2             0.870    34.80     7.89     12.813     18.417    0.5678     2.93    17.64     0.00
  F563-V2             1.460    58.50     8.68     19.957     31.101    0.5746     4.98    27.33     0.00
  F563-V2             2.050    81.50    14.20     25.883     43.661    0.5861     7.20    35.16     0.00
  F563-V2             2.350    91.80    17.50     27.909     48.789    0.5786     8.24    37.71     0.00
  F563-V2             4.760   114.00     8.68     35.936     68.751    0.7891    16.62    45.06     0.00
  F563-V2             7.860   116.00     8.68     45.007     72.086    1.0000    34.33    41.16     0.00
  F563-V2             8.700   117.00    16.60     48.676     70.196    1.0000    39.57    40.09     0.00
  F563-V2            10.180   118.00    51.90     47.875     65.787    1.0000    39.57    38.11     0.00
  F563-V2            10.470   118.00    40.30     47.744     64.708    1.0000    39.57    37.78     0.00
  F565-V2             1.260    21.70    10.00      9.873     13.385    0.6823     5.70    11.40     0.00
  F565-V2             2.510    40.30    10.00     16.215     25.482    0.7222    10.70    17.23     0.00
  F565-V2             3.780    57.70     7.00     20.023     38.031    0.7983    14.75    19.15     0.00
  F565-V2             5.030    68.50     7.00     22.401     47.848    0.9277    18.18    18.51     0.00
  F565-V2             6.290    73.50     7.00     25.895     51.877    1.0000    21.50    20.41     0.00
  F565-V2             7.540    78.50     5.00     28.664     53.505    1.0000    24.72    20.52     0.00
  F565-V2             8.800    83.10     6.00     30.157     54.163    1.0000    27.11    18.68     0.00
  F567-2              1.920    26.90     8.00     15.250     12.480    0.4038    -8.25    24.52     0.00
  F567-2              3.830    46.80     5.00     19.579     23.256    0.4560   -11.91    32.41     0.00
  F567-2              5.750    47.60     5.00     23.148     25.944    0.5426    -2.02    32.86     0.00
  F567-2              7.670    48.10     8.00     29.121     28.701    0.6558    17.45    32.97     0.00
  F567-2              9.590    52.20    10.00     33.656     34.693    0.8476    24.22    33.05     0.00
  F568-1              0.440    15.70     9.10      8.416     10.669    0.8364    -2.08    12.26     0.00
  F568-1              1.320    44.50     9.10     19.411     30.562    0.8591    -5.39    28.49     0.00
  F568-1              2.200    69.40     9.10     24.557     48.605    0.9040    -6.26    35.84     0.00
  F568-1              3.080    90.00    11.40     28.170     64.761    0.9730    -3.53    40.15     0.00
  F568-1              3.960   105.00     9.88     29.211     75.569    1.0000     1.83    41.23     0.00
  F568-1              4.840   113.00    16.20     31.163     80.063    1.0000     8.40    42.44     0.00
  F568-1              5.530   117.00    24.80     33.448     81.827    1.0000    13.64    43.19     0.00
  F568-1              7.480   124.00     9.10     43.100     83.369    1.0000    27.27    47.20     0.00
  F568-1              8.370   127.00     9.10     47.046     83.726    1.0000    32.13    48.60     0.00
  F568-1              9.240   130.00     9.10     50.133     83.950    1.0000    36.26    48.96     0.00
  F568-1             10.130   133.00     9.10     52.709     83.926    1.0000    39.77    48.92     0.00
  F568-1             13.230   142.00    23.80     59.125     80.744    1.0000    47.41    49.96     0.00
  F568-3              0.640    12.40     8.60      9.661      8.262    0.8137     1.18    13.56     0.00
  F568-3              1.180    21.90     6.20     15.049     14.706    0.8278     1.55    21.17     0.00
  F568-3              1.800    32.30     1.88     19.666     22.003    0.8543     1.60    27.72     0.00
  F568-3              2.030    37.90     6.20     21.100     26.172    0.8791     1.54    29.76     0.00
  F568-3              2.780    53.10     9.50     25.780     37.629    0.9328     1.46    36.40     0.00
  F568-3              3.000    62.40    11.00     26.975     44.965    0.9678     1.62    38.08     0.00
  F568-3              3.640    68.00     6.20     30.127     49.506    1.0000     2.96    42.40     0.00
  F568-3              4.190    78.00     7.98     32.555     56.444    1.0000     5.28    45.43     0.00
  F568-3              4.600    82.30     6.20     33.540     59.254    1.0000     6.86    46.43     0.00
  F568-3              5.140    85.70     6.30     34.540     61.273    1.0000     8.92    47.19     0.00
  F568-3              5.390    85.50     6.51     35.308     60.932    1.0000     9.95    47.91     0.00
  F568-3              6.310    89.50    15.60     38.520     63.026    1.0000    14.48    50.48     0.00
  F568-3              9.100    95.20    15.50     45.041     64.572    1.0000    26.69    51.31     0.00
  F568-3             10.170    97.50     6.20     47.398     65.151    1.0000    29.90    52.01     0.00
  F568-3             11.990   101.00    10.20     49.682     65.686    1.0000    33.72    51.60     0.00
  F568-3             14.020   107.00    10.70     50.815     67.239    1.0000    36.41    50.13     0.00
  F568-3             15.940   117.00    11.70     52.064     70.586    1.0000    38.69    49.27     0.00
  F568-3             17.980   120.00    12.00     52.154     68.494    1.0000    39.00    48.97     0.00
  F568-V1             0.390    17.40    30.40      8.591     11.663    0.7597    -1.11    12.25     0.00
  F568-V1             1.180    46.30    37.10     20.312     31.453    0.7837    -2.76    28.99     0.00
  F568-V1             1.950    69.10    13.10     24.452     47.998    0.8261    -2.63    34.78     0.00
  F568-V1             2.740    85.20     6.20     26.220     60.910    0.8870    -0.03    37.08     0.00
  F568-V1             3.530    93.20     6.20     29.385     68.657    0.9592     3.84    41.20     0.00
  F568-V1             4.300   100.00    12.40     32.221     74.408    1.0000     7.34    44.37     0.00
  F568-V1             5.090   108.00     6.20     33.567     79.359    1.0000     9.92    45.35     0.00
  F568-V1             5.870   112.00     6.20     34.021     81.207    1.0000    12.15    44.94     0.00
  F568-V1             6.400   113.00    24.90     34.702     81.171    1.0000    13.65    45.12     0.00
  F568-V1             7.440   113.00    15.50     36.579     79.688    1.0000    17.06    45.76     0.00
  F568-V1             8.210   112.00    13.10     38.122     77.918    1.0000    19.87    46.01     0.00
  F568-V1             9.000   111.00    26.40     38.981     76.163    1.0000    22.99    44.52     0.00
  F568-V1             9.720   111.00    19.40     40.443     75.207    1.0000    26.10    43.69     0.00
  F568-V1            11.790   113.00    12.50     44.753     73.671    1.0000    34.23    40.77     0.00
  F568-V1            17.630   118.00    14.60     42.972     66.505    1.0000    36.03    33.12     0.00
  F571-8              0.220    12.40     7.00     27.091      7.518    0.6653     0.92    38.29     0.00
  F571-8              0.780    37.50     4.00     60.651     22.990    0.6815     2.67    85.69     0.00
  F571-8              1.330    56.50     4.00     73.642     35.315    0.7107     3.90   104.00     0.00
  F571-8              2.330    69.10     4.00     81.104     44.722    0.7684     5.34   114.45     0.00
  F571-8              3.440    85.50     7.50     76.217     57.518    0.8410     7.09   107.32     0.00
  F571-8              3.780    87.10     8.40     73.688     59.429    0.8694     7.29   103.70     0.00
  F571-8              4.770   105.00     4.00     65.618     74.115    0.9482     8.42    92.03     0.00
  F571-8              5.440   112.00     6.70     61.766     80.484    1.0000     8.94    86.43     0.00
  F571-8              6.110   116.00     4.00     58.343     82.558    1.0000     9.45    81.42     0.00
  F571-8              7.220   124.00     4.00     54.910     86.754    1.0000    10.47    76.23     0.00
  F571-8              9.330   135.00     4.00     49.698     90.959    1.0000    11.28    68.45     0.00
  F571-8             11.100   140.00     4.00     46.932     90.861    1.0000    11.80    64.24     0.00
  F571-8             15.550   144.00     5.00     40.786     82.510    1.0000    11.28    55.43     0.00
  F571-V1             1.950    32.00    10.00     18.583     18.771    0.6029     7.85    23.82     0.00
  F571-V1             3.880    57.60    10.00     29.336     35.267    0.6609    15.10    35.57     0.00
  F571-V1             5.830    70.90     7.00     31.397     46.233    0.7629    20.84    33.21     0.00
  F571-V1             7.780    77.00     6.00     34.499     54.092    0.9192    25.68    32.58     0.00
  F571-V1             9.720    82.50     6.00     37.166     58.625    1.0000    29.50    31.97     0.00
  F571-V1            11.660    84.30     6.00     37.042     57.557    1.0000    30.81    29.08     0.00
  F571-V1            13.590    83.90     6.00     34.390     54.665    1.0000    28.80    26.58     0.00
  F574-1              0.470    15.30     4.40      9.189     10.465    0.8407     0.25    12.99     0.00
  F574-1              1.410    41.00     4.36     23.266     28.546    0.8795     0.88    32.88     0.00
  F574-1              2.350    60.70     4.40     29.144     43.592    0.9546     1.88    41.13     0.00
  F574-1              3.290    74.90     4.40     30.196     54.220    1.0000     3.41    42.43     0.00
  F574-1              4.220    83.00     6.28     31.841     58.972    1.0000     5.43    44.37     0.00
  F574-1              5.170    86.80     4.40     33.924     60.410    1.0000     7.80    46.69     0.00
  F574-1              6.110    89.40     4.40     36.085     60.895    1.0000    10.44    48.85     0.00
  F574-1              7.050    92.50     4.40     37.285     61.571    1.0000    13.15    49.34     0.00
  F574-1              7.990    94.70     4.40     38.933     61.471    1.0000    16.07    50.15     0.00
  F574-1              8.920    96.30     4.40     39.612     60.833    1.0000    18.98    49.17     0.00
  F574-1              9.870    97.80     4.40     41.492     59.916    1.0000    21.99    49.76     0.00
  F574-1             10.790    98.80     4.62     43.492     58.557    1.0000    25.00    50.33     0.00
  F574-1             11.800    99.50     4.40     45.367     56.601    1.0000    27.82    50.68     0.00
  F574-1             12.600    99.70     5.14     46.484     54.670    1.0000    30.02    50.19     0.00
  F574-2              2.170    12.60    10.00     12.603      6.384    0.4710    -8.64    21.61     0.00
  F574-2              4.320    23.00    10.00     17.638     12.062    0.5026    -7.74    27.24     0.00
  F574-2              6.490    30.00     8.00     28.659     16.601    0.5587    15.60    34.00     0.00
  F574-2              8.650    36.00     8.00     33.947     21.442    0.6535    23.65    34.44     0.00
  F574-2             10.830    40.00     8.00     38.120     26.480    0.8401    28.17    36.32     0.00
  F579-V1             0.420    35.70     9.10     10.749     23.308    0.7061    -1.70    15.39     0.00
  F579-V1             1.470    83.30     9.30     28.456     57.335    0.7961    -4.30    40.70     0.00
  F579-V1             2.110    94.20    10.40     34.226     67.410    0.8746    -3.80    48.70     0.00
  F579-V1             2.840    97.60     9.10     37.892     72.737    0.9719    -0.80    53.60     0.00
  F579-V1             3.900   101.00     9.10     41.161     74.867    1.0000     5.90    57.61     0.00
  F579-V1             4.740   105.00    16.70     45.830     76.608    1.0000    10.47    63.10     0.00
  F579-V1             5.690   106.00     9.10     49.846     75.950    1.0000    13.24    67.96     0.00
  F579-V1             6.320   108.00    11.50     51.584     76.449    1.0000    14.88    69.85     0.00
  F579-V1             7.370   110.00    23.00     54.227     76.243    1.0000    17.96    72.36     0.00
  F579-V1             8.210   112.00    19.70     55.368     76.264    1.0000    20.83    72.55     0.00
  F579-V1             9.160   113.00     9.10     57.060     75.325    1.0000    23.19    73.73     0.00
  F579-V1            10.850   114.00     9.10     58.198     72.922    1.0000    26.37    73.37     0.00
  F579-V1            12.210   114.00     9.10     57.002     70.275    1.0000    28.32    69.96     0.00
  F579-V1            15.160   114.00    11.20     55.787     63.764    1.0000    33.04    63.57     0.00
  F583-1              0.260    14.60    13.00      3.543      7.189    0.4286    -0.50     5.06     0.00
  F583-1              0.440    10.00     7.00      5.713      5.013    0.4439    -0.86     8.17     0.00
  F583-1              0.770    10.70     7.13      9.161      5.533    0.4722    -1.55    13.14     0.00
  F583-1              0.890    17.40     9.60     10.133      9.375    0.5126    -1.78    14.55     0.00
  F583-1              1.220    23.50    11.20     11.982     13.315    0.5668    -2.43    17.29     0.00
  F583-1              1.550    31.00     5.20     12.643     18.553    0.6326    -2.98    18.37     0.00
  F583-1              1.800    32.30     2.41     12.507     20.400    0.7050    -3.18    18.25     0.00
  F583-1              2.210    40.90     5.90     13.007     27.304    0.7898    -3.53    19.06     0.00
  F583-1              2.310    43.80     4.26     13.213     30.578    0.8646    -3.66    19.39     0.00
  F583-1              2.540    44.80     4.50     13.659     32.664    0.9462    -4.08    20.16     0.00
  F583-1              3.100    51.70    12.70     14.796     38.552    1.0000    -5.16    22.16     0.00
  F583-1              3.430    55.70     4.50     16.021     41.386    1.0000    -4.94    23.71     0.00
  F583-1              3.860    59.40     9.85     17.366     43.914    1.0000    -3.07    24.94     0.00
  F583-1              4.090    62.00     4.50     17.966     45.707    1.0000     1.31    25.34     0.00
  F583-1              4.370    63.00     3.20     18.730     46.280    1.0000     4.42    25.74     0.00
  F583-1              4.760    66.60     6.90     19.778     48.675    1.0000     7.13    26.09     0.00
  F583-1              5.400    71.30     2.95     21.656     51.639    1.0000    11.25    26.17     0.00
  F583-1              5.860    72.30    15.50     22.991     52.007    1.0000    13.88    25.92     0.00
  F583-1              6.080    73.40     6.00     23.542     52.623    1.0000    14.94    25.73     0.00
  F583-1              6.430    72.40     5.81     24.533     51.636    1.0000    16.72    25.39     0.00
  F583-1              6.970    77.10    12.10     26.324     54.530    1.0000    19.67    24.74     0.00
  F583-1              7.960    80.30    13.50     29.370     55.844    1.0000    24.09    23.76     0.00
  F583-1             10.290    84.70     6.00     35.304     56.312    1.0000    31.66    22.09     0.00
  F583-1             15.490    86.90     5.60     41.300     50.440    1.0000    39.34    17.78     0.00
  F583-1             16.260    85.80     8.60     41.355     48.534    1.0000    39.55    17.09     0.00
  F583-4              0.220    10.70     4.90      3.981      8.000    1.0000     0.47     5.59     0.00
  F583-4              0.760    24.70     4.90     12.606     18.335    1.0000     1.87    17.63     0.00
  F583-4              1.310    38.90     4.90     19.119     28.539    1.0000     3.27    26.64     0.00
  F583-4              1.940    42.70     7.89     23.332     30.826    1.0000     4.87    32.27     0.00
  F583-4              3.920    55.00     4.90     28.358     37.577    1.0000     8.50    38.26     0.00
  F583-4              4.350    57.20     4.90     28.680     38.537    1.0000     9.17    38.43     0.00
  F583-4              5.000    59.80     4.90     29.498     39.366    1.0000    10.30    39.09     0.00
  F583-4              5.050    62.50     3.43     29.513     41.063    1.0000    10.40    39.06     0.00
  F583-4              5.830    61.80     3.98     29.714     39.292    1.0000    12.10    38.38     0.00
  F583-4              6.090    64.40     4.90     29.812     40.465    1.0000    12.72    38.13     0.00
  F583-4              6.740    67.20     4.90     31.154     40.813    1.0000    14.18    39.23     0.00
  F583-4              7.290    69.90     4.90     30.299     41.014    1.0000    15.33    36.96     0.00
  IC2574              0.850    10.30     0.20      6.781      5.817    0.6489     0.00     9.59     0.00
  IC2574              1.140    12.90     2.70      8.478      7.381    0.6667     0.00    11.99     0.00
  IC2574              1.420    16.40     1.80      9.824      9.604    0.6992     0.94    13.83     0.00
  IC2574              1.710    18.60     2.10     11.332     11.246    0.7467     3.44    15.27     0.00
  IC2574              1.990    19.80     2.00     12.918     12.434    0.8073     5.14    16.76     0.00
  IC2574              2.280    26.10     0.60     13.848     17.123    0.8843     5.82    17.77     0.00
  IC2574              2.550    27.70     2.70     14.901     19.057    0.9774     6.87    18.70     0.00
  IC2574              2.840    29.70     2.60     15.648     20.600    1.0000     7.58    19.36     0.00
  IC2574              3.130    33.00     3.40     16.285     22.806    1.0000     8.21    19.89     0.00
  IC2574              3.410    34.80     1.20     16.760     23.958    1.0000     8.78    20.19     0.00
  IC2574              3.700    35.00     0.90     16.663     23.999    1.0000     8.64    20.15     0.00
  IC2574              3.980    39.00    10.20     16.479     26.632    1.0000     7.98    20.39     0.00
  IC2574              4.260    35.90     5.40     17.028     24.415    1.0000     7.97    21.28     0.00
  IC2574              4.550    40.00     4.10     18.929     27.089    1.0000    10.01    22.72     0.00
  IC2574              4.840    38.70     1.40     20.809     26.095    1.0000    11.42    24.60     0.00
  IC2574              5.120    41.80     0.50     21.945     28.066    1.0000    12.67    25.34     0.00
  IC2574              5.410    42.90     0.40     22.443     28.667    1.0000    13.13    25.74     0.00
  IC2574              5.680    44.40     1.70     23.338     29.533    1.0000    13.93    26.48     0.00
  IC2574              5.970    46.10     1.30     24.058     30.503    1.0000    14.50    27.15     0.00
  IC2574              6.260    49.00     0.90     25.109     32.237    1.0000    15.98    27.39     0.00
  IC2574              6.540    51.90     0.60     26.115     33.934    1.0000    17.58    27.31     0.00
  IC2574              6.830    53.10     2.10     26.374     34.479    1.0000    18.38    26.75     0.00
  IC2574              7.100    54.00     0.50     26.770     34.828    1.0000    19.29    26.25     0.00
  IC2574              7.390    55.90     1.10     27.082     35.778    1.0000    19.86    26.04     0.00
  IC2574              7.680    58.80     3.60     27.853     37.318    1.0000    21.01    25.86     0.00
  IC2574              7.960    57.30     4.60     28.420     36.060    1.0000    21.81    25.77     0.00
  IC2574              8.250    54.00     9.00     28.857     33.707    1.0000    22.49    25.57     0.00
  IC2574              8.520    63.80    12.00     28.727     39.480    1.0000    22.38    25.47     0.00
  IC2574              8.810    60.50     6.20     28.872     37.044    1.0000    22.60    25.41     0.00
  IC2574              9.100    61.00     5.70     29.134     36.966    1.0000    22.95    25.38     0.00
  IC2574              9.380    66.00     1.30     29.728     39.548    1.0000    23.63    25.51     0.00
  IC2574              9.670    65.20     3.40     30.835     38.571    1.0000    24.89    25.74     0.00
  IC2574              9.960    67.10     4.70     31.211     39.159    1.0000    25.80    24.84     0.00
  IC2574             10.230    67.50     9.30     32.023     38.859    1.0000    27.17    23.97     0.00
  IC4202              0.770    35.10     3.96    112.912     23.542    0.9009     2.22    20.98   133.76
  IC4202              1.590    77.90     3.95    150.633     52.727    0.9223     3.89    40.96   176.62
  IC4202              2.360   115.00     6.70    153.696     79.041    0.9601     4.02    58.24   176.92
  IC4202              3.130   156.00     3.16    153.707    108.580    1.0000     0.90    74.68   172.53
  IC4202              3.950   192.00     3.14    158.905    132.080    1.0000     0.00    91.45   173.49
  IC4202              4.730   204.00     2.90    164.240    138.537    1.0000     0.00   107.35   174.08
  IC4202              5.500   209.00     3.36    164.190    140.115    1.0000     0.00   120.52   167.74
  IC4202              6.270   220.00     3.25    162.928    145.556    1.0000     0.00   132.68   159.21
  IC4202              7.080   231.00     3.49    164.991    150.580    1.0000     0.00   150.86   150.44
  IC4202              7.860   235.00     4.65    169.908    150.904    1.0000     0.24   170.80   142.84
  IC4202              8.660   245.00     6.00    174.943    154.785    1.0000     0.00   187.59   136.33
  IC4202              9.450   246.00     5.57    178.620    152.803    1.0000     3.80   199.82   130.53
  IC4202             10.240   239.00     6.95    180.738    145.984    1.0000     0.00   208.12   125.41
  IC4202             11.020   240.00     7.16    181.448    144.209    1.0000     3.35   212.98   120.90
  IC4202             11.790   240.00     4.85    181.396    141.839    1.0000    15.63   214.90   116.92
  IC4202             12.470   246.00     7.68    180.595    143.175    1.0000    22.51   214.77   113.67
  IC4202             13.340   241.00     6.21    179.160    137.452    1.0000    30.77   213.03   109.94
  IC4202             14.110   250.00     5.62    177.662    139.923    1.0000    37.16   210.67   106.85
  IC4202             14.590   242.00     5.10    176.638    133.809    1.0000    39.71   209.26   105.08
  IC4202             14.980   244.00     7.41    175.840    133.595    1.0000    41.88   208.03   103.70
  IC4202             15.750   248.00     5.08    174.027    133.028    1.0000    44.73   205.55   101.13
  IC4202             16.520   249.00     5.22    172.013    130.671    1.0000    46.30   203.07    98.75
  IC4202             17.100   246.00     6.35    170.283    126.911    1.0000    46.79   201.06    97.06
  IC4202             17.880   241.00    16.20    167.793    121.476    1.0000    46.99   198.19    94.92
  IC4202             18.650   247.00    14.60    165.317    121.515    1.0000    47.18   195.23    92.94
  IC4202             19.620   234.00    20.90    162.356    111.531    1.0000    47.77   191.47    90.61
  IC4202             20.780   249.00    10.00    159.790    113.865    1.0000    51.51   186.83    88.05
  IC4202             22.130   236.00    16.10    157.585    102.211    1.0000    57.31   181.40    85.32
  IC4202             23.000   245.00    22.10    155.910     99.021    0.9373    59.87   177.88    83.69
  IC4202             23.580   243.00     4.20    154.780     87.256    0.7751    61.24   175.64    82.65
  IC4202             25.030   238.00     7.76    150.644     78.654    0.7296    61.05   170.07    80.22
  IC4202             25.900   247.00     6.14    148.036     72.027    0.6038    60.16   166.98    78.87
  KK98-251            0.250     4.25     2.00      2.765      3.047    1.0000     1.87     2.88     0.00
  KK98-251            0.410     6.84     2.00      4.330      4.895    1.0000     3.32     3.93     0.00
  KK98-251            0.570     9.56     2.00      5.879      6.824    1.0000     4.80     4.80     0.00
  KK98-251            0.740    12.30     2.00      7.855      8.749    1.0000     6.44     6.36     0.00
  KK98-251            0.900    15.10     2.00      9.596     10.693    1.0000     8.03     7.43     0.00
  KK98-251            1.070    17.50     2.00     11.510     12.321    1.0000     9.79     8.56     0.00
  KK98-251            1.240    19.70     2.00     13.386     13.777    1.0000    11.57     9.52     0.00
  KK98-251            1.400    21.80     2.00     14.922     15.134    1.0000    13.11    10.08     0.00
  KK98-251            1.570    24.40     2.00     16.253     16.786    1.0000    14.44    10.55     0.00
  KK98-251            1.720    27.30     2.00     17.362     18.600    1.0000    15.54    10.95     0.00
  KK98-251            1.890    30.30     2.00     18.378     20.366    1.0000    16.53    11.36     0.00
  KK98-251            2.060    32.60     2.00     19.137     21.557    1.0000    17.30    11.57     0.00
  KK98-251            2.460    33.30     2.00     20.033     21.049    1.0000    18.07    12.23     0.00
  KK98-251            2.790    34.60     2.00     20.255     20.921    1.0000    18.07    12.94     0.00
  KK98-251            3.130    34.20     2.00     19.509     19.582    1.0000    17.41    12.45     0.00
  NGC0024             0.210    17.40     6.51     13.203      8.616    0.4937     1.51    18.55     0.00
  NGC0024             0.320    31.00     8.86     18.279     15.512    0.5041     2.27    25.65     0.00
  NGC0024             0.430    36.10     8.16     21.135     18.397    0.5229     3.03    29.58     0.00
  NGC0024             0.540    46.00     8.52     24.318     24.016    0.5491     3.84    33.96     0.00
  NGC0024             0.640    58.00     6.90     26.434     31.155    0.5817     4.53    36.83     0.00
  NGC0024             0.740    63.40     9.55     28.509     35.117    0.6194     5.28    39.62     0.00
  NGC0024             0.850    71.90     8.52     31.076     41.097    0.6612     6.04    43.11     0.00
  NGC0024             0.960    76.40     6.82     33.749     44.985    0.7040     6.80    46.75     0.00
  NGC0024             1.070    78.10     6.65     36.195     47.187    0.7442     7.62    50.04     0.00
  NGC0024             1.170    80.50     6.14     38.221     49.604    0.7774     8.31    52.76     0.00
  NGC0024             1.280    82.80     5.80     40.430     51.790    0.8051     9.07    55.72     0.00
  NGC0024             1.380    85.60     6.48     42.385     53.966    0.8220     9.82    58.31     0.00
  NGC0024             1.480    88.00     7.50     44.465     55.572    0.8291    10.57    61.08     0.00
  NGC0024             1.590    92.00     8.52     46.254     57.901    0.8285    11.19    63.47     0.00
  NGC0024             1.700    92.40     8.52     47.886     57.602    0.8178    11.92    65.59     0.00
  NGC0024             1.800    95.10     9.20     48.891     58.324    0.7956    12.54    66.83     0.00
  NGC0024             1.910    96.50     8.52     49.899     57.982    0.7678    13.26    68.03     0.00
  NGC0024             2.020   101.00     8.86     50.447     59.206    0.7345    13.88    68.59     0.00
  NGC0024             2.130    99.90     9.55     50.931     56.933    0.6973    14.61    69.00     0.00
  NGC0024             2.230   103.00     8.18     51.227     56.867    0.6567    15.23    69.17     0.00
  NGC0024             2.340   104.00     8.52     51.711     55.595    0.6175    15.96    69.56     0.00
  NGC0024             2.440   107.00     9.20     52.033     55.300    0.5785    16.58    69.75     0.00
  NGC0024             2.540   107.00     9.55     52.227     53.455    0.5414    17.30    69.69     0.00
  NGC0024             2.650   106.00    11.20     52.409     51.210    0.5069    17.92    69.65     0.00
  NGC0024             2.760   107.00    11.20     52.542     49.960    0.4737    18.55    69.52     0.00
  NGC0024             7.070   104.00     3.11     45.340     62.714    0.8548    26.32    52.21     0.00
  NGC0024             8.490   106.00     2.55     41.551     66.407    1.0000    24.76    47.19     0.00
  NGC0024             9.910   109.00     4.95     37.941     64.684    1.0000    22.59    43.11     0.00
  NGC0024            11.270   110.00     2.83     34.972     61.250    1.0000    20.52    40.05     0.00
  NGC0055             1.230    28.70     3.40     23.758     20.723    1.0000    13.65    27.50     0.00
  NGC0055             1.840    37.60     2.60     29.668     26.983    1.0000    18.65    32.63     0.00
  NGC0055             2.460    43.10     1.20     33.752     30.716    1.0000    21.85    36.38     0.00
  NGC0055             3.070    50.10     2.80     37.092     35.438    1.0000    25.04    38.70     0.00
  NGC0055             3.680    58.10     4.50     40.158     40.736    1.0000    28.73    39.68     0.00
  NGC0055             4.300    64.60     4.10     42.909     44.820    1.0000    32.28    39.98     0.00
  NGC0055             4.910    68.50     2.70     44.677     46.984    1.0000    34.59    39.99     0.00
  NGC0055             5.520    72.30     0.80     46.017     48.981    1.0000    36.37    39.87     0.00
  NGC0055             6.140    74.20     2.40     47.032     49.603    1.0000    37.73    39.71     0.00
  NGC0055             6.750    78.90     2.60     47.814     52.000    1.0000    38.68    39.75     0.00
  NGC0055             7.370    82.40     2.30     48.565     53.435    1.0000    39.30    40.35     0.00
  NGC0055             7.980    84.30     4.80     49.192     53.724    1.0000    39.72    41.04     0.00
  NGC0055             8.590    85.40     7.30     49.954     53.419    1.0000    40.39    41.57     0.00
  NGC0055             9.210    85.30     4.60     50.186     52.300    1.0000    40.44    42.03     0.00
  NGC0055             9.820    86.80     4.00     49.958     52.114    1.0000    39.94    42.44     0.00
  NGC0055            10.430    85.40     5.70     49.514     50.149    1.0000    39.15    42.87     0.00
  NGC0055            11.050    85.40     7.00     48.583     48.983    1.0000    37.71    43.32     0.00
  NGC0055            11.660    86.20     4.10     47.733     48.227    1.0000    36.23    43.95     0.00
  NGC0055            12.280    86.10     6.20     47.470     46.870    1.0000    35.41    44.71     0.00
  NGC0055            12.890    87.40     2.50     47.482     46.192    1.0000    34.67    45.88     0.00
  NGC0055            13.500    86.50     5.50     47.766     44.261    1.0000    33.61    48.00     0.00
  NGC0100             0.230     6.81     8.19      6.783      4.540    0.8254    -0.86     9.67     0.00
  NGC0100             0.690    20.00     4.09     16.697     13.486    0.8467    -1.93    23.77     0.00
  NGC0100             1.150    33.00     4.00     24.268     22.752    0.8908    -3.62    34.70     0.00
  NGC0100             1.590    42.70     4.00     29.191     30.349    0.9564    -4.31    41.73     0.00
  NGC0100             2.050    49.90     4.00     32.788     36.008    1.0000    -3.92    46.70     0.00
  NGC0100             2.510    55.50     4.00     35.733     39.722    1.0000     3.21    50.33     0.00
  NGC0100             2.970    61.90     4.00     38.289     43.901    1.0000     7.43    53.12     0.00
  NGC0100             3.420    67.90     4.00     40.237     47.673    1.0000    10.05    55.10     0.00
  NGC0100             3.880    73.10     4.00     40.745     50.732    1.0000    11.97    55.08     0.00
  NGC0100             4.340    76.10     3.00     40.643     52.152    1.0000    13.61    54.16     0.00
  NGC0100             4.790    77.80     5.34     40.511     52.628    1.0000    14.82    53.32     0.00
  NGC0100             5.240    79.00     4.00     40.293     52.724    1.0000    15.70    52.48     0.00
  NGC0100             5.700    78.50     5.60     39.548     51.662    1.0000    16.36    50.92     0.00
  NGC0100             6.160    79.80     7.15     38.641     51.771    1.0000    16.58    49.36     0.00
  NGC0100             7.160    83.40     5.12     36.987     52.281    1.0000    17.02    46.44     0.00
  NGC0100             7.520    84.60     4.00     36.568     52.312    1.0000    17.46    45.44     0.00
  NGC0100             7.980    86.10     5.53     36.096     52.249    1.0000    18.01    44.24     0.00
  NGC0100             8.440    87.50    10.20     35.799     52.025    1.0000    18.77    43.11     0.00
  NGC0100             8.900    89.00     7.77     35.619     51.746    1.0000    19.76    41.91     0.00
  NGC0100             9.350    90.40     5.16     35.556     51.306    1.0000    20.86    40.72     0.00
  NGC0100             9.620    91.20    13.70     35.674     50.951    1.0000    21.63    40.12     0.00
  NGC0247             1.080    34.60     0.90     15.944     23.547    0.8680     2.87    22.18     0.00
  NGC0247             1.610    47.00     0.80     21.372     32.671    0.9137     4.22    29.63     0.00
  NGC0247             2.150    59.10     3.10     25.042     42.355    0.9845     5.53    34.54     0.00
  NGC0247             2.700    64.40     1.40     27.888     46.121    1.0000     7.02    38.17     0.00
  NGC0247             3.220    67.40     2.30     30.612     47.877    1.0000     8.74    41.49     0.00
  NGC0247             3.770    69.80     0.70     33.135     49.163    1.0000    10.74    44.33     0.00
  NGC0247             4.310    71.30     1.10     35.408     49.813    1.0000    12.87    46.65     0.00
  NGC0247             4.850    73.20     1.70     37.187     50.733    1.0000    14.02    48.71     0.00
  NGC0247             5.380    75.10     3.00     38.355     51.643    1.0000    14.25    50.36     0.00
  NGC0247             5.920    78.50     3.80     39.649     53.538    1.0000    15.40    51.67     0.00
  NGC0247             6.460    81.40     5.00     41.092     55.037    1.0000    17.47    52.60     0.00
  NGC0247             6.990    83.50     7.00     42.679     55.960    1.0000    20.12    53.23     0.00
  NGC0247             7.530    87.10     7.20     44.553     57.819    1.0000    23.34    53.67     0.00
  NGC0247             8.070    90.70     4.80     46.041     59.593    1.0000    25.63    54.09     0.00
  NGC0247             8.620    93.10     1.40     47.406     60.486    1.0000    27.36    54.75     0.00
  NGC0247             9.140    95.90     2.10     48.863     61.603    1.0000    29.31    55.29     0.00
  NGC0247             9.690    98.40     5.20     50.301     62.399    1.0000    31.50    55.46     0.00
  NGC0247            10.230   101.00     8.20     51.485     63.179    1.0000    33.45    55.35     0.00
  NGC0247            10.760   103.00     9.40     52.431     63.506    1.0000    35.18    54.98     0.00
  NGC0247            11.300   104.00     9.40     53.012     63.123    1.0000    36.44    54.45     0.00
  NGC0247            11.840   105.00     8.90     53.085     62.675    1.0000    37.01    53.82     0.00
  NGC0247            12.380   105.00     8.40     52.772     61.580    1.0000    37.01    53.20     0.00
  NGC0247            12.910   105.00     9.00     51.962     60.470    1.0000    36.33    52.54     0.00
  NGC0247            13.480   106.00     8.40     50.812     59.787    1.0000    35.29    51.70     0.00
  NGC0247            14.010   108.00     7.70     49.532     59.640    1.0000    34.03    50.90     0.00
  NGC0247            14.540   107.00     9.20     48.219     57.757    1.0000    32.65    50.18     0.00
  NGC0289             1.500   164.00    28.20    126.666     95.178    0.5372     3.86   179.05     0.00
  NGC0289             2.520   194.00    32.00    160.252    118.744    0.5937     5.64   226.49     0.00
  NGC0289             3.460   175.00    25.20    152.783    111.473    0.6419     6.85   215.85     0.00
  NGC0289             4.320   185.00    31.50    156.220    121.044    0.6782     7.40   220.68     0.00
  NGC0289             5.430   175.00    27.90    156.852    118.013    0.7231     6.00   221.66     0.00
  NGC0289             6.380   167.00    27.20    149.678    114.624    0.7521     4.74   211.57     0.00
  NGC0289             7.570   176.00     7.18    140.243    123.197    0.7869     7.37   198.06     0.00
  NGC0289            10.600   185.00     4.29    122.794    137.857    0.9126    21.99   170.85     0.00
  NGC0289            13.570   183.00     4.22    112.147    140.521    1.0000    32.44   151.82     0.00
  NGC0289            16.640   172.00     4.33    103.814    129.923    1.0000    38.81   136.17     0.00
  NGC0289            19.710   161.00     4.24     99.358    119.926    1.0000    42.50   127.01     0.00
  NGC0289            22.680   156.00     5.08     97.955    114.834    1.0000    49.56   119.49     0.00
  NGC0289            25.750   159.00     6.49     96.096    115.675    1.0000    54.94   111.50     0.00
  NGC0289            28.720   173.00     6.97     93.101    124.300    1.0000    55.53   105.68     0.00
  NGC0289            31.790   177.00     6.57     93.514    125.352    1.0000    60.71   100.59     0.00
  NGC0289            34.770   179.00     4.47     94.571    124.904    1.0000    65.78    96.09     0.00
  NGC0289            37.840   181.00     4.26     93.741    124.280    1.0000    67.48    92.02     0.00
  NGC0289            40.810   182.00     4.26     92.902    122.922    1.0000    68.67    88.49     0.00
  NGC0289            43.880   182.00     4.83     91.028    120.733    1.0000    68.27    85.15     0.00
  NGC0289            46.850   180.00     5.50     88.876    117.262    1.0000    67.18    82.29     0.00
  NGC0289            49.920   177.00     8.50     86.745    113.108    1.0000    65.98    79.64     0.00
  NGC0289            52.990   175.00    11.00     84.955    109.632    1.0000    65.09    77.21     0.00
  NGC0289            55.960   172.00    11.60     83.368    105.639    1.0000    64.29    75.06     0.00
  NGC0289            59.030   168.00    12.60     81.124    101.049    1.0000    62.60    72.97     0.00
  NGC0289            62.000   158.00     5.38     78.156     93.178    1.0000    59.81    71.15     0.00
  NGC0289            65.070   158.00     6.50     75.322     91.314    1.0000    57.13    69.42     0.00
  NGC0289            68.050   166.00    15.50     73.091     93.861    1.0000    55.14    67.85     0.00
  NGC0289            71.120   165.00     8.75     70.958     90.974    1.0000    53.24    66.34     0.00
  NGC0300             0.910    33.10     3.90     22.288     24.432    0.9924     0.00    31.52     0.00
  NGC0300             1.360    46.70     2.70     26.517     34.390    1.0000     0.00    37.50     0.00
  NGC0300             1.820    53.90     4.70     29.727     39.389    1.0000     0.00    42.04     0.00
  NGC0300             2.270    58.80     2.50     32.765     42.635    1.0000     2.86    46.16     0.00
  NGC0300             2.720    65.60     2.60     34.994     47.170    1.0000     7.40    48.37     0.00
  NGC0300             3.170    70.80     2.70     36.184     50.444    1.0000     8.38    49.78     0.00
  NGC0300             3.630    82.10     4.90     36.674     57.851    1.0000     8.42    50.48     0.00
  NGC0300             4.080    84.10     6.60     36.975     58.532    1.0000     9.19    50.65     0.00
  NGC0300             4.540    83.40     6.20     37.598     57.315    1.0000    12.00    50.39     0.00
  NGC0300             4.990    81.50     2.70     37.557     55.347    1.0000    12.98    49.84     0.00
  NGC0300             5.450    80.80     4.00     37.244     54.235    1.0000    13.57    49.05     0.00
  NGC0300             5.900    82.80    12.40     37.365     54.938    1.0000    15.44    48.12     0.00
  NGC0300             6.360    88.20    11.70     38.913     57.767    1.0000    20.16    47.07     0.00
  NGC0300             6.810    88.50     8.50     40.530     57.171    1.0000    24.20    45.98     0.00
  NGC0300             7.260    88.40     8.90     41.688     56.306    1.0000    27.05    44.86     0.00
  NGC0300             7.710    88.20    10.80     41.870     55.376    1.0000    28.23    43.73     0.00
  NGC0300             8.170    89.50     3.10     41.012     55.336    1.0000    27.84    42.59     0.00
  NGC0300             8.620    89.70     9.50     39.843     54.592    1.0000    26.95    41.50     0.00
  NGC0300             9.070    93.70     7.30     38.965     56.055    1.0000    26.46    40.45     0.00
  NGC0300             9.530    97.00     5.70     38.290     56.884    1.0000    26.26    39.41     0.00
  NGC0300             9.960    96.20     1.50     37.083     55.284    1.0000    25.18    38.50     0.00
  NGC0300            10.450    94.80     2.10     35.832     53.187    1.0000    24.10    37.50     0.00
  NGC0300            10.930    92.50    13.90     34.647     50.654    1.0000    23.02    36.62     0.00
  NGC0300            11.320    92.80    10.60     33.649     49.787    1.0000    22.03    35.97     0.00
  NGC0300            11.800    93.50    12.10     33.042     48.813    1.0000    21.74    35.19     0.00
  NGC0801             1.170   123.00     6.20    129.893     59.387    0.4255     2.58   183.66     0.00
  NGC0801             1.560   142.00     6.20    148.999     68.875    0.4285     3.43   210.66     0.00
  NGC0801             1.960   205.00     6.20    164.366     99.853    0.4308     4.28   232.37     0.00
  NGC0801             2.730   228.00     6.20    187.224    112.898    0.4420     5.96   264.64     0.00
  NGC0801             3.520   238.00     6.20    199.224    119.224    0.4494     7.61   281.54     0.00
  NGC0801            10.590   229.00     4.20    191.741    136.873    0.6158    23.20   269.17     0.00
  NGC0801            17.650   225.00     6.90    176.277    148.576    0.7660    37.46   243.60     0.00
  NGC0801            24.610   220.00     4.00    167.102    157.295    0.9383    47.21   226.69     0.00
  NGC0801            31.670   222.00     2.40    166.105    158.721    1.0000    59.26   219.45     0.00
  NGC0801            38.740   219.00     4.10    155.879    150.994    1.0000    61.77   202.40     0.00
  NGC0801            45.800   214.00     4.70    142.221    141.986    1.0000    58.45   183.36     0.00
  NGC0801            52.860   216.00     2.60    133.699    137.347    1.0000    58.96   169.70     0.00
  NGC0801            59.820   216.00     8.80    130.344    130.803    1.0000    66.89   158.21     0.00
  NGC0891             0.920   234.00    12.00    229.907    136.863    0.5948    -5.19   121.44   254.98
  NGC0891             2.320   192.00    12.00    252.097    132.385    0.8399   -10.42   280.89   185.98
  NGC0891             3.240   212.00     6.30    265.080    154.217    0.9656   -11.44   325.09   158.37
  NGC0891             4.170   223.00     4.41    249.029    161.616    1.0000   -11.64   311.44   139.66
  NGC0891             5.100   222.00     4.01    232.906    157.342    1.0000   -11.54   293.95   126.35
  NGC0891             6.030   224.00     3.85    220.661    155.260    1.0000   -11.44   280.55   116.30
  NGC0891             6.960   224.00     3.23    212.139    151.754    1.0000    -9.02   271.70   108.06
  NGC0891             7.890   226.00     3.40    202.862    149.515    1.0000     6.44   260.33   101.60
  NGC0891             8.800   226.00     3.21    197.731    145.895    1.0000    16.24   254.40    96.17
  NGC0891             9.730   227.00     2.75    188.722    142.695    1.0000    25.64   241.26    91.46
  NGC0891            10.640   227.00     2.65    182.180    138.765    1.0000    32.27   231.49    87.46
  NGC0891            11.580   224.00     2.35    177.045    132.785    1.0000    35.44   224.36    83.84
  NGC0891            12.520   220.00     2.43    170.649    126.253    1.0000    42.18   213.50    80.63
  NGC0891            13.460   218.00     2.30    167.376    120.860    1.0000    46.37   208.00    77.76
  NGC0891            14.400   217.00     2.77    162.967    115.871    1.0000    49.33   200.84    75.18
  NGC0891            15.330   216.00     4.43    157.913    110.705    1.0000    49.33   193.84    72.86
  NGC0891            16.270   210.00     4.47    153.047    102.885    1.0000    47.29   188.07    70.73
  NGC0891            17.110   208.00     4.35    148.400     97.554    1.0000    45.04   182.56    68.97
  NGC1003             1.250    47.00     7.60     40.343     31.204    0.7585     2.05    56.98     0.00
  NGC1003             2.080    59.50     4.50     46.102     40.388    0.7982     6.07    64.63     0.00
  NGC1003             2.900    71.60     3.70     54.061     49.736    0.8432    10.81    74.91     0.00
  NGC1003             3.730    77.60     3.10     56.892     55.218    0.8946    14.74    77.71     0.00
  NGC1003             4.560    83.40     3.60     58.777     60.759    0.9498    17.00    79.57     0.00
  NGC1003             5.390    89.70     3.80     59.349     66.537    1.0000    19.26    79.39     0.00
  NGC1003             6.220    93.80     2.40     56.212     68.994    1.0000    21.62    73.38     0.00
  NGC1003             7.040    99.00     3.00     54.525     72.188    1.0000    23.59    69.52     0.00
  NGC1003             7.870   103.00     2.50     53.901     74.410    1.0000    27.03    65.95     0.00
  NGC1003             8.700   100.00     2.30     52.765     71.584    1.0000    28.50    62.80     0.00
  NGC1003             9.540    98.30     2.00     51.387     69.762    1.0000    29.19    59.81     0.00
  NGC1003            10.340    98.40     1.70     49.749     69.280    1.0000    29.29    56.87     0.00
  NGC1003            11.210    94.50     1.80     48.826     65.992    1.0000    30.27    54.18     0.00
  NGC1003            11.980    94.90     2.40     48.368     65.819    1.0000    31.35    52.09     0.00
  NGC1003            12.850    95.30     1.60     47.832     65.588    1.0000    32.24    49.97     0.00
  NGC1003            13.720    96.90     1.80     47.256     66.172    1.0000    32.83    48.07     0.00
  NGC1003            14.490    97.20     1.30     46.641     65.914    1.0000    33.03    46.57     0.00
  NGC1003            15.360   100.00     1.80     45.943     67.264    1.0000    33.12    45.03     0.00
  NGC1003            16.130   104.00     2.70     45.138     69.417    1.0000    32.83    43.81     0.00
  NGC1003            17.000   104.00     3.20     45.033     68.787    1.0000    33.52    42.53     0.00
  NGC1003            17.780   105.00     3.40     43.664     68.872    1.0000    32.34    41.49     0.00
  NGC1003            18.650   109.00     3.90     42.645     70.793    1.0000    31.65    40.42     0.00
  NGC1003            19.520   110.00     3.80     40.863     70.694    1.0000    29.88    39.42     0.00
  NGC1003            20.290   107.00     3.80     40.114     68.127    1.0000    29.39    38.61     0.00
  NGC1003            21.160   106.00     3.80     39.415     66.795    1.0000    29.00    37.75     0.00
  NGC1003            21.930   106.00     4.00     38.275     66.179    1.0000    27.91    37.04     0.00
  NGC1003            22.800   108.00     3.40     37.271     66.697    1.0000    27.03    36.29     0.00
  NGC1003            23.670   109.00     3.20     35.929     66.545    1.0000    25.65    35.58     0.00
  NGC1003            24.440   110.00     3.30     36.065     66.444    1.0000    26.24    34.99     0.00
  NGC1003            25.310   110.00     2.70     35.471     65.619    1.0000    25.85    34.35     0.00
  NGC1003            26.080   110.00     2.40     34.785     64.874    1.0000    25.26    33.82     0.00
  NGC1003            26.950   113.00     2.50     35.674     65.737    1.0000    26.83    33.25     0.00
  NGC1003            27.730   114.00     2.20     38.507     65.447    1.0000    30.76    32.76     0.00
  NGC1003            28.600   112.00     1.70     39.087     63.328    1.0000    31.75    32.24     0.00
  NGC1003            29.470   113.00     1.80     41.245     62.894    1.0000    34.60    31.75     0.00
  NGC1003            30.240   115.00     1.60     43.512     63.055    1.0000    37.45    31.33     0.00
  NGC1090             0.350    20.90     9.81     34.469     13.126    0.7177    -0.82    48.76     0.00
  NGC1090             1.070    61.70     8.19     69.435     39.112    0.7335    -2.50    98.26     0.00
  NGC1090             1.600    81.30     4.32     80.680     52.052    0.7513    -3.73   114.22     0.00
  NGC1090             3.700   124.00     3.41    101.582     84.102    0.8654    -7.40   144.04     0.00
  NGC1090             5.090   156.00     7.02    108.659    110.788    0.9790    -9.39   154.24     0.00
  NGC1090             6.610   166.00     6.34    117.008    116.412    1.0000   -10.89   166.19     0.00
  NGC1090             8.170   165.00    12.10    121.392    112.894    1.0000    -5.79   171.87     0.00
  NGC1090             9.110   174.00     4.84    119.924    117.240    1.0000     9.64   169.05     0.00
  NGC1090            10.370   164.00     5.86    118.876    108.245    1.0000    17.85   166.21     0.00
  NGC1090            11.280   176.00     7.35    120.773    114.410    1.0000    22.68   167.76     0.00
  NGC1090            13.620   174.00     3.28    120.863    108.297    1.0000    31.86   164.88     0.00
  NGC1090            15.040   168.00     2.23    118.138    101.790    1.0000    35.59   159.31     0.00
  NGC1090            16.370   166.00     2.23    114.703     98.070    1.0000    38.11   153.00     0.00
  NGC1090            17.590   167.00     4.59    110.842     96.300    1.0000    40.13   146.12     0.00
  NGC1090            18.800   167.00     5.30    107.565     93.873    1.0000    41.74   140.20     0.00
  NGC1090            20.130   165.00     3.48    104.268     90.047    1.0000    42.85   134.43     0.00
  NGC1090            21.350   165.00     3.12    101.527     87.501    1.0000    43.55   129.70     0.00
  NGC1090            22.570   165.00     2.39     99.243     84.844    1.0000    44.16   125.69     0.00
  NGC1090            23.890   165.00     2.23     97.130     81.824    1.0000    45.07   121.68     0.00
  NGC1090            25.110   163.00     2.23     95.701     77.958    1.0000    46.68   118.15     0.00
  NGC1090            26.330   162.00     2.23     94.559     74.513    1.0000    48.39   114.89     0.00
  NGC1090            27.650   162.00     2.23     93.467     71.116    1.0000    50.01   111.67     0.00
  NGC1090            28.870   162.00     2.23     92.647     67.750    1.0000    51.42   108.99     0.00
  NGC1090            30.090   160.00     2.23     91.586     61.745    0.9456    52.53   106.10     0.00
  NGC1705             0.220    50.20     7.50     24.167     28.660    0.5631     5.62    33.24     0.00
  NGC1705             0.660    62.20     7.51     34.432     39.147    0.6869    13.36    44.88     0.00
  NGC1705             1.110    72.40     5.35     35.422     49.129    0.8187    17.38    43.65     0.00
  NGC1705             1.550    73.20     3.31     32.819     53.165    0.9788    17.38    39.37     0.00
  NGC1705             2.000    72.90     3.21     30.296     52.097    1.0000    17.17    35.30     0.00
  NGC1705             2.450    72.60     2.73     27.731     50.486    1.0000    16.22    31.81     0.00
  NGC1705             2.890    71.50     3.41     25.527     48.408    1.0000    15.26    28.94     0.00
  NGC1705             3.340    71.10     4.38     23.668     46.815    1.0000    14.31    26.66     0.00
  NGC1705             3.780    71.40     4.60     22.151     45.684    1.0000    13.46    24.88     0.00
  NGC1705             4.220    71.50     5.68     21.278     44.362    1.0000    13.36    23.42     0.00
  NGC1705             4.660    71.50     6.20     20.613     42.906    1.0000    13.36    22.20     0.00
  NGC1705             5.110    71.30     6.43     20.115     41.216    1.0000    13.46    21.14     0.00
  NGC1705             5.560    71.80     9.68     19.637     39.801    1.0000    13.46    20.22     0.00
  NGC1705             6.000    71.50    10.50     19.843     37.830    1.0000    14.31    19.44     0.00
  NGC2366             0.120     4.20     3.15      2.755      2.801    0.8789    -0.46     3.95     0.00
  NGC2366             0.360     9.41     1.83      7.902      6.363    0.9063    -0.53    11.20     0.00
  NGC2366             0.590    15.30     1.37     11.361     10.601    0.9569     1.73    15.88     0.00
  NGC2366             0.830    18.40     1.64     14.533     12.980    1.0000     4.19    19.68     0.00
  NGC2366             1.070    23.40     2.08     17.024     16.425    1.0000     6.57    22.21     0.00
  NGC2366             1.310    28.10     2.46     19.132     19.599    1.0000     9.69    23.33     0.00
  NGC2366             1.540    33.10     2.01     20.656     22.913    1.0000    12.94    22.77     0.00
  NGC2366             1.790    37.50     1.62     22.321     25.702    1.0000    15.67    22.48     0.00
  NGC2366             2.020    40.50     1.68     23.838     27.467    1.0000    17.89    22.28     0.00
  NGC2366             2.260    42.30     1.69     24.797     28.347    1.0000    19.31    22.00     0.00
  NGC2366             2.490    45.20     1.91     25.129     29.912    1.0000    20.12    21.29     0.00
  NGC2366             2.740    47.40     1.95     25.550     30.895    1.0000    21.03    20.52     0.00
  NGC2366             2.970    48.10     1.74     26.207     30.884    1.0000    22.14    19.83     0.00
  NGC2366             3.210    48.80     1.08     26.809     30.822    1.0000    23.15    19.12     0.00
  NGC2366             3.440    50.70     1.55     27.285     31.481    1.0000    23.96    18.46     0.00
  NGC2366             3.690    52.10     2.78     27.594     31.691    1.0000    24.56    17.79     0.00
  NGC2366             3.920    53.00     2.98     27.864     31.576    1.0000    25.07    17.20     0.00
  NGC2366             4.160    53.70     2.39     27.872     31.245    1.0000    25.27    16.63     0.00
  NGC2366             4.400    51.20     2.21     27.898     29.072    1.0000    25.47    16.10     0.00
  NGC2366             4.640    51.60     1.45     27.952     28.575    1.0000    25.68    15.61     0.00
  NGC2366             4.870    51.50     1.84     28.295     27.794    1.0000    26.18    15.18     0.00
  NGC2366             5.110    50.40     2.53     28.565     26.442    1.0000    26.59    14.76     0.00
  NGC2366             5.350    48.50     4.60     28.559     24.725    1.0000    26.69    14.37     0.00
  NGC2366             5.590    50.00     5.91     28.375     24.718    1.0000    26.59    14.01     0.00
  NGC2366             5.820    49.00     7.42     28.009     23.454    1.0000    26.28    13.70     0.00
  NGC2366             6.060    49.40     5.92     27.835     22.800    1.0000    26.18    13.37     0.00
  NGC2403             0.160    24.50     2.83     16.412      9.631    0.3321     0.00    23.21     0.00
  NGC2403             0.260    35.30     2.46     24.982     14.072    0.3412     0.00    35.33     0.00
  NGC2403             0.360    43.20     1.12     33.268     17.661    0.3585     1.92    46.97     0.00
  NGC2403             0.460    52.00     1.25     40.144     22.007    0.3839     2.29    56.68     0.00
  NGC2403             0.560    60.90     2.93     45.169     26.879    0.4172     2.64    63.77     0.00
  NGC2403             0.660    65.80     1.25     47.866     30.429    0.4578     3.00    67.56     0.00
  NGC2403             0.760    71.70     1.25     50.196     34.813    0.5048     3.34    70.83     0.00
  NGC2403             0.860    74.60     1.60     51.609     38.023    0.5567     3.68    72.80     0.00
  NGC2403             0.960    74.60     1.03     53.093     39.822    0.6114     4.02    74.87     0.00
  NGC2403             1.060    76.60     1.12     54.707     42.665    0.6669     4.37    77.12     0.00
  NGC2403             1.160    78.50     1.60     56.394     45.419    0.7214     4.75    79.47     0.00
  NGC2403             1.270    83.40     1.80     58.338     49.920    0.7746     5.15    82.18     0.00
  NGC2403             1.360    86.40     1.60     60.490     53.173    0.8215     5.51    85.19     0.00
  NGC2403             1.470    87.40     1.41     62.449     55.094    0.8658     5.76    87.94     0.00
  NGC2403             1.570    90.30     1.41     64.462     57.975    0.9022     5.98    90.77     0.00
  NGC2403             1.670    93.30     1.60     66.743     60.744    0.9323     6.21    93.98     0.00
  NGC2403             1.770    93.30     1.41     68.791     61.358    0.9562     6.42    96.86     0.00
  NGC2403             1.870    95.20     1.25     70.463     63.042    0.9747     6.61    99.21     0.00
  NGC2403             1.970    97.20     1.60     72.037     64.688    0.9900     6.81   101.42     0.00
  NGC2403             2.080    99.10     2.02     73.725     66.078    1.0000     7.01   103.79     0.00
  NGC2403             2.180    98.20     2.02     75.354     65.293    1.0000     7.27   106.07     0.00
  NGC2403             2.280    98.20     1.60     75.845     65.115    1.0000     7.54   106.73     0.00
  NGC2403             2.370    98.20     1.00     75.493     64.959    1.0000     7.81   106.19     0.00
  NGC2403             2.470    97.20     1.12     75.104     64.132    1.0000     8.25   105.57     0.00
  NGC2403             2.570    98.20     1.41     74.819     64.630    1.0000     8.77   105.08     0.00
  NGC2403             2.680    98.20     1.12     74.400     64.454    1.0000     9.31   104.39     0.00
  NGC2403             2.780    98.20     1.60     74.069     64.298    1.0000     9.95   103.80     0.00
  NGC2403             2.880    99.10     2.69     73.765     64.732    1.0000    10.97   103.16     0.00
  NGC2403             2.980   100.00     2.69     73.584     65.163    1.0000    11.96   102.68     0.00
  NGC2403             3.080   102.00     3.16     73.618     66.306    1.0000    13.06   102.46     0.00
  NGC2403             3.190   101.00     3.40     73.684     65.483    1.0000    14.06   102.29     0.00
  NGC2403             3.290   101.00     3.40     74.031     65.330    1.0000    15.05   102.51     0.00
  NGC2403             3.390   103.00     2.93     74.477     66.467    1.0000    16.15   102.82     0.00
  NGC2403             3.490   107.00     2.46     74.865     68.880    1.0000    17.15   103.06     0.00
  NGC2403             3.590   110.00     2.46     75.023     70.628    1.0000    18.14   102.95     0.00
  NGC2403             3.690   112.00     3.40     75.412     71.720    1.0000    19.24   103.12     0.00
  NGC2403             3.790   114.00     5.10     75.544     72.801    1.0000    20.24   102.93     0.00
  NGC2403             3.900   118.00     5.10     75.468     75.119    1.0000    21.03   102.50     0.00
  NGC2403             3.990   118.00     4.85     75.349     74.921    1.0000    21.83   101.99     0.00
  NGC2403             4.470   118.00     5.36     74.904     73.891    1.0000    25.72    99.49     0.00
  NGC2403             4.970   121.00     2.57     74.052     74.687    1.0000    27.81    97.06     0.00
  NGC2403             5.470   124.00     0.22     72.943     75.411    1.0000    29.41    94.40     0.00
  NGC2403             5.960   125.00     0.88     71.378     74.895    1.0000    30.70    91.13     0.00
  NGC2403             6.460   126.00     0.45     69.772     74.339    1.0000    31.70    87.90     0.00
  NGC2403             6.960   126.00     0.55     68.677     73.188    1.0000    33.29    84.95     0.00
  NGC2403             7.450   126.00     0.45     67.710     72.070    1.0000    34.99    81.98     0.00
  NGC2403             7.950   126.00     0.24     66.838     70.936    1.0000    36.58    79.11     0.00
  NGC2403             8.450   127.00     1.45     66.280     70.348    1.0000    38.38    76.42     0.00
  NGC2403             8.940   128.00     1.12     65.896     69.747    1.0000    39.97    74.09     0.00
  NGC2403             9.440   128.00     1.68     65.527     68.554    1.0000    41.47    71.75     0.00
  NGC2403             9.940   127.00     2.56     65.061     66.837    1.0000    42.57    69.58     0.00
  NGC2403            10.430   127.00     1.24     64.946     65.678    1.0000    43.96    67.61     0.00
  NGC2403            10.930   128.00     0.21     64.745     64.983    1.0000    45.06    65.75     0.00
  NGC2403            11.430   130.00     1.13     64.418     64.722    1.0000    45.76    64.12     0.00
  NGC2403            11.920   130.00     2.23     63.922     63.431    1.0000    46.15    62.55     0.00
  NGC2403            12.420   132.00     2.68     63.564     63.024    1.0000    46.65    61.06     0.00
  NGC2403            12.920   133.00     2.68     63.123     62.044    1.0000    46.95    59.67     0.00
  NGC2403            13.420   133.00     3.37     62.363     60.538    1.0000    46.75    58.37     0.00
  NGC2403            13.910   133.00     3.81     61.469     59.021    1.0000    46.25    57.26     0.00
  NGC2403            14.410   133.00     2.56     60.714     57.427    1.0000    45.95    56.12     0.00
  NGC2403            14.910   134.00     0.56     60.001     56.188    1.0000    45.66    55.05     0.00
  NGC2403            15.400   134.00     0.79     59.243     54.414    0.9975    45.26    54.06     0.00
  NGC2403            15.900   133.00     0.67     58.428     49.448    0.8902    44.76    53.11     0.00
  NGC2403            16.400   134.00     2.35     57.582     45.045    0.7706    44.16    52.26     0.00
  NGC2403            16.890   134.00     4.13     56.592     40.172    0.6439    43.36    51.43     0.00
  NGC2403            17.390   136.00     3.91     55.690     35.953    0.5221    42.67    50.61     0.00
  NGC2403            17.890   136.00     6.38     54.728     31.445    0.4129    41.87    49.84     0.00
  NGC2403            18.380   135.00     8.39     53.806     27.252    0.3223    41.07    49.16     0.00
  NGC2403            18.880   133.00     7.83     52.876     23.649    0.2542    40.27    48.46     0.00
  NGC2403            19.380   134.00     6.26     52.260     21.365    0.2066    39.87    47.78     0.00
  NGC2403            19.870   136.00     5.60     51.973     19.885    0.1750    39.87    47.15     0.00
  NGC2403            20.370   135.00     5.24     51.688     18.509    0.1545    39.87    46.52     0.00
  NGC2403            20.870   134.00     3.12     51.442     17.558    0.1416    39.87    45.97     0.00
  NGC2683             2.890   189.00    10.00    162.686    106.856    0.5328     7.68   203.92    89.57
  NGC2683             5.770   212.00     5.00    171.898    136.361    0.6880    21.36   229.24    63.44
  NGC2683             8.660   206.00     5.00    147.557    148.658    0.8984    17.89   197.87    51.78
  NGC2683            11.540   200.00     5.00    138.264    147.202    1.0000    24.41   185.00    44.86
  NGC2683            14.430   172.00    12.00    120.481    122.137    1.0000    25.80   159.52    40.12
  NGC2683            17.310   190.00    10.00    108.954    130.045    1.0000    25.80   143.29    36.63
  NGC2683            20.200   169.00    10.00     99.648    111.031    1.0000    23.72   130.86    33.91
  NGC2683            23.080   150.00    10.00     92.075     95.056    1.0000    20.53   121.26    31.72
  NGC2683            28.850   160.00    10.00     81.437     93.684    1.0000    17.48   107.36    28.37
  NGC2683            31.740   155.00    10.00     77.392     86.406    1.0000    16.50   102.03    27.05
  NGC2683            34.620   151.00    12.00     73.941     79.776    1.0000    15.67    97.49    25.90
  NGC2841             3.440   285.00    14.40    231.304    214.679    0.8694    -0.57   163.40   239.50
  NGC2841             3.770   297.00    13.60    226.785    225.954    0.8911    -0.57   171.13   229.25
  NGC2841             4.130   303.00     8.47    223.618    232.171    0.9099    -0.43   180.88   219.24
  NGC2841             4.470   306.00     5.93    221.088    234.732    0.9206    -0.10   188.37   210.91
  NGC2841             4.800   307.00     5.93    218.957    234.889    0.9244    -0.19   194.64   203.54
  NGC2841             5.130   304.00     8.47    217.364    231.325    0.9229    -0.28   200.57   196.88
  NGC2841             5.480   308.00     8.47    216.188    232.722    0.9196    -0.38   206.64   190.44
  NGC2841             5.830   313.00    12.70    214.867    234.536    0.9151    -0.48   211.29   184.57
  NGC2841             6.160   314.00     9.32    213.809    232.987    0.9095    -0.53   215.14   179.57
  NGC2841             6.510   315.00     6.78    214.430    231.527    0.9069     3.83   221.84   174.68
  NGC2841             6.860   317.00     8.47    215.077    230.889    0.9071     8.02   227.72   170.15
  NGC2841             7.180   320.00     7.63    215.315    231.016    0.9090    12.15   231.73   166.32
  NGC2841             7.510   316.00    20.50    215.646    226.489    0.9151    16.24   235.48   162.63
  NGC2841             7.850   318.00    23.40    216.601    226.689    0.9252    20.27   239.96   159.08
  NGC2841             8.210   321.00     8.48    217.186    228.149    0.9396    24.66   243.42   155.54
  NGC2841             8.570   323.00     8.66    216.807    229.313    0.9561    27.10   245.15   152.23
  NGC2841             8.900   321.00    12.70    216.089    227.790    0.9714    29.42   245.80   149.38
  NGC2841             9.240   323.00    11.00    214.767    229.421    0.9864    31.74   245.24   146.61
  NGC2841             9.600   323.00    10.40    213.214    229.889    1.0000    34.31   244.14   143.83
  NGC2841             9.930   322.00    13.60    212.183    229.283    1.0000    36.63   243.64   141.42
  NGC2841            10.270   321.00    13.60    211.480    228.713    1.0000    38.95   243.60   139.06
  NGC2841            10.600   323.00     9.32    210.748    230.145    1.0000    41.02   243.38   136.88
  NGC2841            10.930   322.00    11.90    210.075    229.222    1.0000    43.22   243.08   134.80
  NGC2841            11.270   321.00    11.00    209.254    227.644    0.9874    45.42   242.44   132.75
  NGC2841            12.310   323.00     4.24    205.377    230.957    1.0000    52.25   237.30   127.02
  NGC2841            14.350   319.00     4.24    193.818    230.635    1.0000    56.77   222.06   117.64
  NGC2841            16.400   308.00     4.24    181.098    223.162    1.0000    51.89   207.98   110.04
  NGC2841            18.480   299.00     5.66    170.997    215.856    1.0000    48.35   196.87   103.67
  NGC2841            20.570   299.00     5.66    164.223    214.269    1.0000    54.45   185.72    98.26
  NGC2841            22.510   298.00     5.66    160.883    211.215    1.0000    63.61   176.98    93.93
  NGC2841            24.590   296.00     5.66    155.887    207.264    1.0000    66.17   168.93    89.87
  NGC2841            26.680   293.00     4.24    148.448    202.692    1.0000    61.90   161.21    86.28
  NGC2841            28.770   289.00     4.24    141.739    197.544    1.0000    58.85   153.59    83.08
  NGC2841            30.700   289.00     4.24    136.621    195.373    1.0000    57.01   147.56    80.43
  NGC2841            32.790   288.00     4.24    132.690    192.350    1.0000    57.38   141.95    77.82
  NGC2841            34.880   285.00     4.24    130.375    188.040    1.0000    60.43   136.82    75.46
  NGC2841            36.960   283.00     2.83    128.960    184.461    1.0000    64.09   132.38    73.30
  NGC2841            38.900   275.00     2.83    127.773    177.251    1.0000    66.90   128.66    71.45
  NGC2841            40.990   272.00     2.83    126.077    173.257    1.0000    68.61   124.87    69.61
  NGC2841            43.080   271.00     2.83    123.972    170.579    1.0000    68.98   121.52    67.90
  NGC2841            45.160   274.00     4.24    121.190    170.375    1.0000    67.76   118.47    66.31
  NGC2841            47.100   277.00     4.24    117.898    170.197    1.0000    65.19   115.75    64.93
  NGC2841            49.190   281.00     4.24    114.453    170.327    1.0000    62.26   113.11    63.54
  NGC2841            51.270   286.00     4.24    111.772    170.874    1.0000    60.55   110.59    62.24
  NGC2841            53.360   282.00     4.24    110.165    165.955    1.0000    60.55   108.30    61.01
  NGC2841            55.300   283.00     4.24    109.807    164.156    1.0000    62.39   106.31    59.93
  NGC2841            57.380   288.00     5.66    109.878    164.326    1.0000    64.95   104.23    58.83
  NGC2841            59.470   287.00     5.66    109.990    160.899    1.0000    67.27   102.32    57.79
  NGC2841            61.560   289.00     7.07    109.546    159.037    1.0000    68.49   100.51    56.80
  NGC2841            63.640   294.00     7.07    108.558    158.583    1.0000    68.73    98.76    55.86
  NGC2903             0.320    44.00     8.00    139.880     29.217    0.7746     0.01   197.82     0.00
  NGC2903             0.640    64.00     8.00    144.384     42.836    0.7889     0.03   204.19     0.00
  NGC2903             0.960   128.00     8.00    147.863     86.978    0.8175     0.08   209.11     0.00
  NGC2903             1.280   148.00     8.00    154.934    102.852    0.8629     0.07   219.11     0.00
  NGC2903             1.600   157.00     8.00    159.788    111.459    0.9102     1.76   225.96     0.00
  NGC2903             1.920   189.00     8.00    164.144    137.110    0.9640     5.17   232.02     0.00
  NGC2903             2.240   195.00     6.00    177.858    142.820    1.0000     8.23   251.26     0.00
  NGC2903             2.560   201.00     6.00    197.380    145.874    1.0000    11.05   278.70     0.00
  NGC2903             2.880   214.00     4.00    206.777    153.824    1.0000    13.64   291.79     0.00
  NGC2903             3.200   215.00     4.00    213.109    153.009    1.0000    16.01   300.53     0.00
  NGC2903             3.520   215.00     4.00    211.705    151.512    1.0000    18.18   298.29     0.00
  NGC2903             3.840   216.00     3.00    205.745    150.741    1.0000    20.14   289.57     0.00
  NGC2903             4.800   214.00     2.00    195.781    145.097    1.0000    24.78   274.65     0.00
  NGC2903             5.760   210.00     2.00    182.753    138.444    1.0000    25.77   255.87     0.00
  NGC2903             6.720   205.00     2.00    169.262    131.508    1.0000    24.89   236.77     0.00
  NGC2903             7.680   203.00     1.00    158.546    126.751    1.0000    25.19   221.37     0.00
  NGC2903             8.640   201.00     1.00    150.363    122.111    1.0000    25.40   209.59     0.00
  NGC2903             9.600   201.00     1.00    143.570    118.706    1.0000    27.64   199.24     0.00
  NGC2903            10.560   199.00     1.00    138.135    114.115    1.0000    32.70   189.80     0.00
  NGC2903            11.520   197.00     1.00    133.689    109.569    1.0000    37.22   181.59     0.00
  NGC2903            12.480   196.00     2.00    128.797    105.575    1.0000    37.86   174.10     0.00
  NGC2903            13.440   193.00     3.00    123.799    100.519    1.0000    36.33   167.37     0.00
  NGC2903            14.400   190.00     3.00    119.329     95.540    1.0000    35.33   161.19     0.00
  NGC2903            15.360   188.00     5.00    115.226     91.100    1.0000    35.01   155.25     0.00
  NGC2903            16.320   187.00     5.00    111.649     87.095    1.0000    34.43   150.20     0.00
  NGC2903            17.280   188.00     3.00    108.156     83.834    1.0000    33.18   145.58     0.00
  NGC2903            18.240   186.00     3.00    105.101     76.476    0.9319    32.48   141.36     0.00
  NGC2903            19.200   185.00     3.00    102.326     68.375    0.8231    31.94   137.48     0.00
  NGC2903            20.160   185.00     3.00     99.706     60.685    0.7040    31.23   133.91     0.00
  NGC2903            21.120   181.00     3.00     97.365     51.937    0.5782    30.85   130.60     0.00
  NGC2903            22.080   178.00     3.00     95.270     44.079    0.4552    30.69   127.55     0.00
  NGC2903            23.040   177.00     3.00     93.247     37.639    0.3495    30.33   124.70     0.00
  NGC2903            24.000   182.00     4.00     91.607     33.476    0.2691    30.72   122.05     0.00
  NGC2903            24.960   180.00     8.00     90.005     29.207    0.2135    30.86   119.57     0.00
  NGC2915             0.340    13.50    10.10     31.926      9.583    0.8648     4.08    44.78     0.00
  NGC2915             0.670    31.30    12.50     35.400     22.452    0.8869     7.65    48.88     0.00
  NGC2915             1.000    35.30    13.40     34.690     25.696    0.9191    10.36    46.82     0.00
  NGC2915             1.340    50.50     9.38     33.239     37.424    0.9612    11.92    43.88     0.00
  NGC2915             1.680    61.00    10.10     31.335     45.793    1.0000    12.33    40.74     0.00
  NGC2915             2.010    66.50    11.90     29.616     49.525    1.0000    12.44    38.01     0.00
  NGC2915             2.340    74.40    11.60     28.161     54.915    1.0000    12.54    35.66     0.00
  NGC2915             2.670    83.00     9.17     26.856     60.617    1.0000    12.44    33.66     0.00
  NGC2915             3.010    86.40     7.66     25.512     62.326    1.0000    12.13    31.74     0.00
  NGC2915             3.350    83.60     8.18     24.351     59.566    1.0000    12.02    29.95     0.00
  NGC2915             3.680    79.80     7.93     23.712     56.235    1.0000    12.54    28.46     0.00
  NGC2915             4.020    82.80     6.95     23.441     57.699    1.0000    13.47    27.13     0.00
  NGC2915             4.350    83.50     7.19     23.444     57.527    1.0000    14.61    25.93     0.00
  NGC2915             4.680    80.40     7.85     23.434     54.776    1.0000    15.44    24.93     0.00
  NGC2915             5.020    80.30     7.57     23.228     54.101    1.0000    15.86    24.00     0.00
  NGC2915             5.350    82.10     7.92     22.818     54.698    1.0000    15.86    23.20     0.00
  NGC2915             5.690    82.40     8.33     22.277     54.243    1.0000    15.65    22.42     0.00
  NGC2915             6.030    80.90     7.88     21.788     52.616    1.0000    15.44    21.74     0.00
  NGC2915             6.360    79.00     6.15     21.647     50.795    1.0000    15.65    21.15     0.00
  NGC2915             6.690    81.40     6.11     21.824     51.725    1.0000    16.27    20.57     0.00
  NGC2915             7.020    79.70     5.59     22.222     50.033    1.0000    17.10    20.07     0.00
  NGC2915             7.360    77.50     6.33     22.579     48.062    1.0000    17.83    19.59     0.00
  NGC2915             7.700    79.90     6.41     22.456     48.932    1.0000    17.93    19.12     0.00
  NGC2915             8.030    81.50     7.86     22.537     49.258    1.0000    18.24    18.72     0.00
  NGC2915             8.370    82.20     7.82     22.712     48.969    1.0000    18.65    18.33     0.00
  NGC2915             8.700    82.00     7.09     22.825     48.140    1.0000    18.97    17.95     0.00
  NGC2915             9.030    84.70     5.74     23.039     48.950    1.0000    19.38    17.62     0.00
  NGC2915             9.370    86.10     5.54     23.096     48.882    1.0000    19.59    17.30     0.00
  NGC2915             9.700    85.30     5.23     23.242     47.548    1.0000    19.90    16.98     0.00
  NGC2915            10.040    86.50     6.45     23.136     47.260    1.0000    19.90    16.69     0.00
  NGC2955             0.750   169.00     4.27    141.601    111.157    0.6523     0.00    53.73   163.04
  NGC2955             1.550   203.00     4.92    192.617    140.094    0.7190     0.16    99.45   214.33
  NGC2955             2.300   232.00     5.49    215.984    166.634    0.7828     0.00   134.15   231.92
  NGC2955             3.060   256.00     4.38    239.013    191.594    0.8580     1.12   162.98   250.27
  NGC2955             3.850   248.00     3.47    249.499    193.242    0.9426    10.81   187.48   252.30
  NGC2955             4.610   253.00     5.68    252.600    201.533    1.0000    18.83   206.85   245.12
  NGC2955             5.360   269.00     8.42    251.521    212.527    1.0000    25.11   220.81   233.77
  NGC2955             6.120   268.00     4.67    249.382    209.955    1.0000    29.26   232.37   221.48
  NGC2955             6.910   260.00     5.58    247.765    202.016    1.0000    31.48   243.48   209.61
  NGC2955             7.660   245.00     8.47    247.513    189.037    1.0000    32.44   254.23   199.62
  NGC2955             8.420   247.00     6.00    244.714    189.341    1.0000    32.35   258.51   190.58
  NGC2955             8.860   267.00    10.30    242.112    203.843    1.0000    32.44   258.41   185.85
  NGC2955             9.210   255.00     7.27    239.662    194.039    1.0000    32.44   257.39   182.29
  NGC2955            10.820   253.00    11.20    229.525    189.795    1.0000    33.51   252.03   168.18
  NGC2955            11.560   271.00    11.30    225.486    201.900    1.0000    34.86   249.34   162.76
  NGC2955            12.400   276.00     8.71    221.255    203.871    1.0000    37.47   246.01   157.16
  NGC2955            14.170   275.00    10.10    217.079    199.362    1.0000    44.03   245.22   146.96
  NGC2955            16.880   275.00    10.00    209.338    193.441    1.0000    57.16   236.05   134.67
  NGC2955            19.490   276.00    11.70    206.314    188.082    1.0000    67.40   232.49   125.34
  NGC2955            22.190   267.00    15.70    199.484    175.618    1.0000    77.25   219.85   117.47
  NGC2955            24.800   257.00    15.10    192.140    163.103    1.0000    79.95   209.20   111.12
  NGC2955            27.510   254.00    13.60    183.919    154.907    1.0000    78.21   199.59   105.50
  NGC2955            30.120   248.00    11.60    176.680    145.002    1.0000    75.51   191.82   100.83
  NGC2955            35.430   227.00    11.20    166.360    120.689    1.0000    77.83   176.46    92.96
  NGC2976             0.110     6.80     3.62      8.537      3.441    0.5113     1.06    11.98     0.00
  NGC2976             0.170     9.50     4.31     11.059      4.901    0.5315     1.76    15.44     0.00
  NGC2976             0.240    14.00     3.11     14.022      7.492    0.5721     2.47    19.52     0.00
  NGC2976             0.310    19.80     5.50     16.602     11.150    0.6338     2.93    23.11     0.00
  NGC2976             0.380    26.10     3.90     18.865     15.636    0.7185     3.29    26.27     0.00
  NGC2976             0.450    28.70     3.50     21.016     18.412    0.8263     3.99    29.18     0.00
  NGC2976             0.520    28.70     2.70     23.195     19.758    0.9550     4.46    32.19     0.00
  NGC2976             0.590    31.70     2.50     25.388     22.280    1.0000     4.93    35.22     0.00
  NGC2976             0.660    35.50     2.30     27.513     24.884    1.0000     5.88    38.01     0.00
  NGC2976             0.730    39.40     2.10     29.574     27.534    1.0000     6.93    40.66     0.00
  NGC2976             0.800    42.90     2.30     31.569     29.878    1.0000     7.52    43.36     0.00
  NGC2976             0.870    46.00     2.60     33.552     31.917    1.0000     8.45    45.92     0.00
  NGC2976             0.940    49.10     3.10     35.706     33.929    1.0000     9.28    48.76     0.00
  NGC2976             1.010    49.20     3.20     38.298     33.857    1.0000    10.11    52.24     0.00
  NGC2976             1.080    51.40     3.20     41.052     35.222    1.0000    11.31    55.81     0.00
  NGC2976             1.140    57.20     3.10     43.399     39.037    1.0000    13.04    58.54     0.00
  NGC2976             1.210    63.80     2.90     46.460     43.290    1.0000    15.48    61.95     0.00
  NGC2976             1.290    67.80     2.80     49.931     45.651    1.0000    17.62    66.07     0.00
  NGC2976             1.350    69.80     3.30     52.524     46.704    1.0000    19.66    68.88     0.00
  NGC2976             1.420    71.70     3.90     55.246     47.605    1.0000    21.70    71.85     0.00
  NGC2976             1.490    74.10     4.40     57.829     48.793    1.0000    23.73    74.58     0.00
  NGC2976             1.560    76.70     4.80     60.290     50.056    1.0000    25.98    76.94     0.00
  NGC2976             1.630    79.90     4.40     62.186     51.637    1.0000    27.71    78.73     0.00
  NGC2976             1.740    83.60     3.35     64.208     53.104    1.0000    30.15    80.17     0.00
  NGC2976             1.930    83.90     3.95     62.844     51.542    1.0000    29.44    78.52     0.00
  NGC2976             2.100    88.70     4.44     61.153     52.613    1.0000    29.75    75.56     0.00
  NGC2976             2.270    85.30     5.36     60.033     48.610    1.0000    29.85    73.66     0.00
  NGC2998             0.330    90.00    20.00     31.509     43.307    0.4218     0.00    44.56     0.00
  NGC2998             0.990   125.00    15.00     65.927     61.670    0.4399     0.66    93.23     0.00
  NGC2998             1.980   148.00    15.00     93.468     74.853    0.4589     2.66   132.13     0.00
  NGC2998             2.640   180.00    17.00    109.421     91.976    0.4666     4.03   154.64     0.00
  NGC2998             3.630   201.00    15.00    139.220    104.662    0.4817     6.22   196.69     0.00
  NGC2998             7.590   206.00    10.00    157.583    117.914    0.5745    16.84   221.58     0.00
  NGC2998            12.500   214.00     5.00    154.120    133.705    0.6911    32.06   213.19     0.00
  NGC2998            17.480   212.00     5.00    147.608    143.144    0.8323    44.76   198.92     0.00
  NGC2998            22.460   213.00     2.00    134.901    153.401    1.0000    52.43   175.78     0.00
  NGC2998            27.440   214.00     2.00    129.000    148.651    1.0000    58.37   162.69     0.00
  NGC2998            32.320   213.00     2.00    124.553    142.249    1.0000    63.92   151.18     0.00
  NGC2998            37.300   213.00     3.00    118.813    135.883    1.0000    66.04   139.68     0.00
  NGC2998            42.280   203.00     3.00    112.302    123.010    1.0000    64.42   130.09     0.00
  NGC3109             0.260     6.10     1.60      2.205      3.816    0.7794     1.00     2.78     0.00
  NGC3109             0.520    11.20     0.70      3.960      7.114    0.8048     2.12     4.73     0.00
  NGC3109             0.770    14.90     1.50      6.710      9.719    0.8511     4.53     7.00     0.00
  NGC3109             1.030    19.10     2.20      8.926     12.917    0.9184     6.54     8.59     0.00
  NGC3109             1.290    24.30     0.90     11.139     17.094    1.0000     8.22    10.63     0.00
  NGC3109             1.550    29.80     1.90     13.034     20.873    1.0000    10.06    11.72     0.00
  NGC3109             1.810    34.30     1.60     14.713     23.898    1.0000    11.73    12.56     0.00
  NGC3109             2.060    38.20     3.50     16.018     26.459    1.0000    12.92    13.39     0.00
  NGC3109             2.320    42.50     5.60     16.824     29.230    1.0000    13.76    13.69     0.00
  NGC3109             2.580    42.30     3.00     17.400     28.879    1.0000    14.44    13.73     0.00
  NGC3109             2.840    47.30     4.40     17.905     32.040    1.0000    15.04    13.74     0.00
  NGC3109             3.100    49.30     4.00     18.406     33.101    1.0000    15.37    14.32     0.00
  NGC3109             3.350    50.60     3.50     19.020     33.673    1.0000    15.75    15.08     0.00
  NGC3109             3.610    53.00     3.50     19.571     34.926    1.0000    16.29    15.34     0.00
  NGC3109             3.870    54.70     3.30     19.418     35.668    1.0000    16.37    14.77     0.00
  NGC3109             4.130    55.20     3.10     19.232     35.600    1.0000    16.42    14.16     0.00
  NGC3109             4.380    57.50     2.60     19.522     36.669    1.0000    16.88    13.87     0.00
  NGC3109             4.640    59.10     2.40     19.849     37.215    1.0000    17.22    13.96     0.00
  NGC3109             4.900    61.20     1.90     20.249     38.009    1.0000    17.66    14.01     0.00
  NGC3109             5.160    62.70     1.90     20.625     38.357    1.0000    18.09    14.01     0.00
  NGC3109             5.420    64.40     2.90     21.172     38.753    1.0000    18.73    13.96     0.00
  NGC3109             5.670    66.60     3.20     21.688     39.377    1.0000    19.30    13.99     0.00
  NGC3109             5.930    66.30     3.40     21.722     38.428    1.0000    19.36    13.93     0.00
  NGC3109             6.190    66.20     3.20     21.540     37.574    1.0000    19.43    13.15     0.00
  NGC3109             6.450    67.30     3.00     21.363     37.342    1.0000    19.41    12.62     0.00
  NGC3198             0.320    24.40    35.90     44.746     11.425    0.3991     0.00    63.28     0.00
  NGC3198             0.640    43.30    16.30     52.085     20.634    0.4128     0.00    73.66     0.00
  NGC3198             0.960    45.50    16.10     55.847     22.355    0.4384     0.00    78.98     0.00
  NGC3198             1.280    58.50    15.40     58.479     29.933    0.4751     0.35    82.70     0.00
  NGC3198             1.610    68.80     7.61     59.553     36.953    0.5232     0.15    84.22     0.00
  NGC3198             1.930    76.90    10.30     58.810     43.535    0.5812    -0.05    83.17     0.00
  NGC3198             2.240    82.00     8.09     61.545     48.973    0.6473    -0.47    87.04     0.00
  NGC3198             2.570    86.90     7.60     62.862     54.698    0.7201    -0.95    88.91     0.00
  NGC3198             2.890    97.60     3.03     62.902     64.571    0.7976    -1.43    88.98     0.00
  NGC3198             3.210   100.00     5.31     66.324     69.286    0.8779    -1.14    93.81     0.00
  NGC3198             3.540   107.00     7.51     71.572     77.315    0.9593    -0.39   101.22     0.00
  NGC3198             3.850   113.00     7.32     76.743     83.132    1.0000     0.36   108.53     0.00
  NGC3198             4.170   117.00     5.21     81.692     85.809    1.0000     1.52   115.51     0.00
  NGC3198             4.500   119.00     5.67     85.269     86.997    1.0000     3.07   120.51     0.00
  NGC3198             4.820   127.00     5.39     88.806     92.547    1.0000     4.63   125.42     0.00
  NGC3198             5.150   132.00     4.34     91.697     95.850    1.0000     6.02   129.40     0.00
  NGC3198             5.460   134.00     2.36     94.423     96.972    1.0000     7.16   133.15     0.00
  NGC3198             5.780   137.00     0.89     96.842     98.792    1.0000     8.31   136.45     0.00
  NGC3198             6.100   140.00     2.84     99.031    100.591    1.0000     9.46   139.41     0.00
  NGC3198             6.430   142.00     0.88    100.863    101.643    1.0000    10.61   141.85     0.00
  NGC3198             6.740   144.00     1.23    101.321    102.706    1.0000    11.77   142.32     0.00
  NGC3198             7.060   146.00     1.57    100.487    103.744    1.0000    12.87   140.94     0.00
  NGC3198             8.040   147.00     3.00     97.330    103.273    1.0000    16.39   135.68     0.00
  NGC3198             9.040   148.00     3.00     94.627    102.800    1.0000    20.03   130.79     0.00
  NGC3198            10.040   152.00     2.00     93.625    104.375    1.0000    23.68   128.10     0.00
  NGC3198            11.040   155.00     2.00     93.573    105.182    1.0000    27.08   126.67     0.00
  NGC3198            12.050   156.00     2.00     93.363    104.576    1.0000    30.11   124.98     0.00
  NGC3198            14.050   157.00     2.00     90.361    102.689    1.0000    34.48   118.12     0.00
  NGC3198            16.070   153.00     2.00     84.752     97.620    1.0000    36.43   108.22     0.00
  NGC3198            18.130   153.00     2.00     80.848     95.184    1.0000    37.76   101.10     0.00
  NGC3198            20.050   154.00     2.00     78.949     93.486    1.0000    39.83    96.40     0.00
  NGC3198            22.120   153.00     2.00     76.590     90.349    1.0000    40.92    91.56     0.00
  NGC3198            24.030   150.00     2.00     74.376     86.295    1.0000    41.77    87.03     0.00
  NGC3198            26.100   149.00     2.00     72.991     83.264    1.0000    43.71    82.67     0.00
  NGC3198            28.160   148.00     2.00     72.023     80.234    1.0000    45.41    79.06     0.00
  NGC3198            30.080   146.00     2.00     70.317     76.846    1.0000    45.29    76.07     0.00
  NGC3198            32.140   147.00     2.00     68.336     74.806    1.0000    44.56    73.27     0.00
  NGC3198            34.060   148.00     2.00     67.246     72.766    1.0000    44.81    70.91     0.00
  NGC3198            36.120   148.00     2.00     66.792     69.869    1.0000    45.90    68.62     0.00
  NGC3198            38.190   149.00     2.00     66.353     67.209    1.0000    46.75    66.59     0.00
  NGC3198            40.100   150.00     2.00     66.004     62.905    0.9477    47.48    64.84     0.00
  NGC3198            42.170   150.00     3.00     66.219     57.458    0.8778    48.93    63.10     0.00
  NGC3198            44.080   149.00     3.00     64.713     51.407    0.7845    47.84    61.63     0.00
  NGC3521             0.510   143.00    33.10    138.302     97.457    0.7597    -3.74   195.66     0.00
  NGC3521             0.690   160.00    15.00    150.787    111.344    0.7961    -4.96   213.36     0.00
  NGC3521             0.860   178.00     7.92    161.547    126.335    0.8322    -6.20   228.63     0.00
  NGC3521             1.030   188.00     8.01    171.180    136.061    0.8696    -7.39   242.31     0.00
  NGC3521             1.200   187.00     8.03    173.027    137.703    0.9041    -8.46   244.99     0.00
  NGC3521             1.380   195.00     5.60    175.180    145.896    0.9370    -9.15   248.08     0.00
  NGC3521             1.550   199.00     7.52    177.756    150.568    0.9632    -9.58   251.75     0.00
  NGC3521             1.710   203.00     6.87    182.420    153.749    0.9800    -9.77   258.35     0.00
  NGC3521             1.890   206.00     9.22    185.646    155.618    0.9941    -9.95   262.92     0.00
  NGC3521             2.060   211.00    12.00    190.836    158.654    0.9962    -9.95   270.25     0.00
  NGC3521             2.230   219.00    13.30    194.270    163.713    0.9899    -9.95   275.10     0.00
  NGC3521             2.410   216.00     9.90    195.486    160.363    0.9763   -10.14   276.83     0.00
  NGC3521             2.580   214.00    10.50    193.847    157.640    0.9485   -10.60   274.55     0.00
  NGC3521             2.750   213.00     8.39    193.468    155.418    0.9111   -11.16   274.06     0.00
  NGC3521             2.920   210.00    13.30    193.220    151.322    0.8657   -11.53   273.74     0.00
  NGC3521             3.090   214.00     6.67    194.292    151.877    0.8154   -11.25   275.23     0.00
  NGC3521             3.260   213.00     9.98    195.150    148.530    0.7631    -9.77   276.33     0.00
  NGC3521             3.430   212.00    11.20    196.774    144.860    0.7108    -7.06   278.46     0.00
  NGC3521             3.610   215.00     9.11    197.276    143.740    0.6633     2.40   278.97     0.00
  NGC3521             3.780   217.00    10.10    198.761    141.616    0.6213     7.87   280.87     0.00
  NGC3521             3.950   219.00     8.05    199.511    139.372    0.5888    10.51   281.76     0.00
  NGC3521             4.120   220.00     8.29    200.332    136.513    0.5681    12.28   282.78     0.00
  NGC3521             4.290   218.00     8.42    199.588    131.996    0.5607    13.95   281.57     0.00
  NGC3521             4.460   220.00     9.71    198.549    130.295    0.5681    15.63   279.92     0.00
  NGC3521             4.640   220.00    20.10    196.127    128.123    0.5916    17.49   276.26     0.00
  NGC3521             4.810   216.00    23.50    193.544    124.291    0.6285    19.07   272.38     0.00
  NGC3521             4.980   220.00    14.60    190.648    125.877    0.6782    20.00   268.13     0.00
  NGC3521             5.150   218.00    12.20    188.153    124.886    0.7378    20.46   264.51     0.00
  NGC3521             5.320   213.00    23.10    185.573    122.872    0.8026    20.65   260.81     0.00
  NGC3521             5.490   215.00    21.20    183.194    125.438    0.8680    20.74   257.41     0.00
  NGC3521             5.670   216.00    18.30    180.845    127.830    0.9303    21.02   254.02     0.00
  NGC3521             5.840   208.00    31.70    178.821    124.791    0.9817    21.30   251.09     0.00
  NGC3521             6.010   212.00    25.30    176.886    128.275    1.0000    21.67   248.27     0.00
  NGC3521             6.190   213.00    23.80    175.100    129.481    1.0000    22.04   245.66     0.00
  NGC3521             6.350   216.00    19.60    173.526    131.439    1.0000    22.51   243.33     0.00
  NGC3521             6.640   210.00    25.00    170.516    127.739    1.0000    23.63   238.82     0.00
  NGC3521             8.820   210.00    10.70    152.314    132.284    1.0000    34.97   209.65     0.00
  NGC3521            11.070   210.00    10.70    139.887    133.192    1.0000    43.44   188.05     0.00
  NGC3521            13.320   206.00     6.25    130.026    128.705    1.0000    45.95   172.02     0.00
  NGC3521            15.490   206.00     6.25    121.450    122.883    1.0000    45.39   159.31     0.00
  NGC3521            17.740   206.00    10.70    112.445    114.946    1.0000    42.23   147.38     0.00
  NGC3726             3.500   102.00     7.00     97.743     70.055    0.8207     0.00   138.23     0.00
  NGC3726             5.240   125.00     6.10    115.958     88.890    0.8959     0.00   163.99     0.00
  NGC3726             6.980   145.00     4.90    126.134    106.558    0.9824     8.76   177.95     0.00
  NGC3726             8.720   164.00     3.90    131.380    119.458    1.0000    23.82   182.72     0.00
  NGC3726            10.470   162.00     4.80    126.697    115.718    1.0000    31.14   173.68     0.00
  NGC3726            12.190   160.00     4.80    123.437    112.189    1.0000    37.29   166.41     0.00
  NGC3726            13.940   156.00     4.80    121.915    107.412    1.0000    46.45   159.41     0.00
  NGC3726            16.030   146.00     4.85    117.372     98.536    1.0000    53.13   148.01     0.00
  NGC3726            22.300   158.00     4.90    100.172    100.130    1.0000    48.17   124.21     0.00
  NGC3726            27.520   168.00    10.60     88.407     99.420    1.0000    42.67   109.50     0.00
  NGC3726            30.080   169.00    10.60     83.939     95.932    1.0000    40.52   103.96     0.00
  NGC3726            32.520   167.00    15.20     80.467     90.646    1.0000    39.01    99.53     0.00
  NGC3741             0.230    13.10     2.19      8.561      7.779    0.6586     2.45    11.60     0.00
  NGC3741             0.470    17.30     2.39     10.904     10.518    0.6930     4.75    13.88     0.00
  NGC3741             0.700    23.60     2.21     11.392     14.813    0.7424     6.71    13.02     0.00
  NGC3741             0.930    26.20     2.21     11.489     17.120    0.8107     7.80    11.93     0.00
  NGC3741             1.170    27.40     2.24     11.336     18.719    0.8946     8.39    10.78     0.00
  NGC3741             1.400    26.90     2.23     11.198     19.197    0.9862     8.84     9.72     0.00
  NGC3741             1.640    27.40     2.21     11.167     19.583    1.0000     9.23     8.89     0.00
  NGC3741             1.870    31.00     2.20     11.072     22.036    1.0000     9.41     8.25     0.00
  NGC3741             2.100    32.50     2.19     11.004     22.965    1.0000     9.55     7.73     0.00
  NGC3741             2.330    33.00     2.19     11.298     23.180    1.0000    10.05     7.30     0.00
  NGC3741             2.570    36.50     2.20     11.720     25.469    1.0000    10.65     6.92     0.00
  NGC3741             2.800    38.90     2.21     12.213     26.949    1.0000    11.28     6.62     0.00
  NGC3741             3.260    41.50     2.21     12.754     28.298    1.0000    12.00     6.11     0.00
  NGC3741             3.730    42.70     2.20     13.048     28.615    1.0000    12.41     5.70     0.00
  NGC3741             4.210    44.70     2.22     13.676     29.390    1.0000    13.14     5.36     0.00
  NGC3741             4.670    46.70     2.24     14.020     30.088    1.0000    13.55     5.09     0.00
  NGC3741             5.140    48.50     2.27     14.276     30.527    1.0000    13.86     4.84     0.00
  NGC3741             5.610    50.00     2.32     14.241     30.651    1.0000    13.86     4.63     0.00
  NGC3741             6.070    50.20     2.40     14.115     29.902    1.0000    13.76     4.45     0.00
  NGC3741             6.540    50.10     2.57     13.885     28.903    1.0000    13.55     4.29     0.00
  NGC3741             7.000    51.60     3.24     13.657     28.731    1.0000    13.34     4.14     0.00
  NGC3769             1.740    87.50     9.40     90.041     55.126    0.6367    11.85   126.23     0.00
  NGC3769             3.500   106.00     7.10     98.809     70.914    0.7219    22.09   136.20     0.00
  NGC3769             5.240   116.00     5.30     92.222     81.357    0.8038    28.99   123.81     0.00
  NGC3769             6.980   125.00     5.70     85.158     91.217    0.8885    34.81   109.91     0.00
  NGC3769             8.720   126.00     4.40     78.924     94.980    0.9751    36.96    98.62     0.00
  NGC3769            10.470   123.00     4.40     73.384     92.422    1.0000    36.75    89.83     0.00
  NGC3769            12.310   118.00     4.60     68.266     87.274    1.0000    34.70    83.14     0.00
  NGC3769            14.520   115.00     6.40     63.786     83.574    1.0000    34.16    76.18     0.00
  NGC3769            17.070   122.00    15.20     60.691     86.817    1.0000    34.92    70.20     0.00
  NGC3769            31.820   121.00    10.20     49.193     73.190    1.0000    33.73    50.64     0.00
  NGC3769            34.610   118.00    10.40     47.281     68.543    1.0000    32.54    48.51     0.00
  NGC3769            37.160   113.00    10.50     45.710     63.117    1.0000    31.57    46.75     0.00
  NGC3877             0.870    37.80     9.00     72.033     27.265    0.9335     0.00   101.87     0.00
  NGC3877             1.740    80.10     9.00     81.303     58.755    0.9777     0.00   114.98     0.00
  NGC3877             2.610   121.00     8.50     86.267     88.613    1.0000     0.00   122.00     0.00
  NGC3877             3.500   142.00     7.30     94.260    102.053    1.0000     8.66   132.74     0.00
  NGC3877             4.370   153.00     6.20    102.800    107.648    1.0000    14.44   143.94     0.00
  NGC3877             5.240   160.00     5.30    114.545    109.981    1.0000    18.43   159.88     0.00
  NGC3877             6.110   162.00     5.30    130.136    108.613    1.0000    22.09   181.37     0.00
  NGC3877             6.980   167.00     4.50    139.159    108.988    1.0000    25.11   193.57     0.00
  NGC3877             7.850   169.00     5.30    142.425    107.056    1.0000    26.73   197.84     0.00
  NGC3877             8.720   171.00     4.90    144.808    104.812    1.0000    28.23   200.86     0.00
  NGC3877             9.600   171.00     4.90    145.669    100.994    1.0000    29.63   201.70     0.00
  NGC3877            10.470   170.00     5.70    141.206     96.393    1.0000    30.28   195.05     0.00
  NGC3877            11.350   169.00     7.00    137.548     91.496    1.0000    30.28   189.75     0.00
  NGC3893             1.740   145.00     6.80    144.064     82.573    0.5404    17.89   202.16     0.00
  NGC3893             3.500   174.00     6.80    149.856    107.829    0.6378    17.67   210.45     0.00
  NGC3893             5.240   194.00     6.40    152.064    130.145    0.7580    27.48   211.51     0.00
  NGC3893             6.980   190.00     5.50    139.552    137.672    0.9141    42.57   187.95     0.00
  NGC3893             8.810   186.00     5.80    131.177    137.404    1.0000    48.28   172.49     0.00
  NGC3893            10.900   188.00     7.00    122.599    134.197    1.0000    45.48   161.01     0.00
  NGC3893            13.120   187.00     8.50    113.335    128.136    1.0000    43.32   148.11     0.00
  NGC3893            15.330   179.00    12.60    104.717    117.282    1.0000    43.11   134.96     0.00
  NGC3893            17.300   176.00    11.70     99.256    110.384    1.0000    43.21   126.37     0.00
  NGC3893            19.050   167.00    13.50     95.380    100.437    1.0000    44.51   119.30     0.00
  NGC3917             0.870    24.30     3.90     25.201     17.781    0.9808     0.00    35.64     0.00
  NGC3917             1.740    49.60     3.90     33.616     36.494    1.0000     0.00    47.54     0.00
  NGC3917             2.610    73.60     5.20     42.759     53.747    1.0000     0.00    60.47     0.00
  NGC3917             3.500   101.00     4.40     52.648     72.879    1.0000     7.38    73.72     0.00
  NGC3917             4.370   107.00     3.50     61.592     76.103    1.0000    13.36    85.03     0.00
  NGC3917             5.240   115.00     3.50     69.500     80.564    1.0000    14.01    96.27     0.00
  NGC3917             6.110   123.00     3.90     74.778     84.746    1.0000    12.18   104.34     0.00
  NGC3917             6.980   130.00     3.90     78.190     87.921    1.0000    18.32   107.50     0.00
  NGC3917             7.850   134.00     3.50     80.165     88.789    1.0000    21.34   109.28     0.00
  NGC3917             8.720   136.00     3.90     79.832     88.143    1.0000    21.77   108.62     0.00
  NGC3917             9.600   137.00     4.00     80.958     86.692    1.0000    27.37   107.75     0.00
  NGC3917            10.470   136.00     3.50     80.594     83.934    1.0000    29.53   106.05     0.00
  NGC3917            11.350   137.00     3.50     79.836     82.302    1.0000    32.11   103.37     0.00
  NGC3917            12.190   137.00     3.50     78.349     80.041    1.0000    32.87   100.58     0.00
  NGC3917            13.120   137.00     5.00     75.144     77.401    1.0000    30.82    96.92     0.00
  NGC3917            13.940   138.00     5.00     73.163     75.460    1.0000    32.01    93.04     0.00
  NGC3917            14.860   137.00     7.50     70.115     71.927    1.0000    31.79    88.38     0.00
  NGC3949             1.740   123.00     5.50    113.524     74.755    0.6422     5.18   160.38     0.00
  NGC3949             2.610   145.00     5.50    131.557     94.160    0.7434    14.22   184.96     0.00
  NGC3949             3.500   152.00     6.20    143.291    106.082    0.8848    24.46   199.67     0.00
  NGC3949             4.370   157.00     6.60    137.043    113.799    1.0000    32.44   188.30     0.00
  NGC3949             5.240   161.00     8.80    131.810    113.326    1.0000    37.39   178.75     0.00
  NGC3949             6.110   165.00    11.20    124.760    112.329    1.0000    41.38   166.45     0.00
  NGC3949             7.070   169.00    25.50    119.234    110.124    1.0000    46.55   155.24     0.00
  NGC3953             3.500   181.00     7.50    144.335    114.144    0.6864     0.00   204.12     0.00
  NGC3953             5.240   203.00     6.50    154.807    137.878    0.8137     0.00   218.93     0.00
  NGC3953             6.980   216.00     5.60    162.005    158.397    0.9904     0.00   229.11     0.00
  NGC3953             8.720   223.00     6.10    172.969    159.400    1.0000     9.06   244.28     0.00
  NGC3953            10.470   224.00     5.60    176.029    154.728    1.0000    19.18   247.46     0.00
  NGC3953            12.190   223.00     6.10    174.125    148.418    1.0000    28.88   242.84     0.00
  NGC3953            13.940   224.00     6.10    168.951    142.819    1.0000    35.56   233.58     0.00
  NGC3953            15.680   215.00     9.70    159.167    130.663    1.0000    37.50   218.76     0.00
  NGC3972             0.870    39.60     4.90     34.075     27.389    0.8315     0.00    48.19     0.00
  NGC3972             1.740    73.00     5.20     43.672     52.086    0.8988     5.93    61.19     0.00
  NGC3972             2.610    89.40     6.60     52.995     66.368    1.0000     7.31    74.23     0.00
  NGC3972             3.500   102.00     5.30     60.602     74.365    1.0000    13.47    83.56     0.00
  NGC3972             4.370   110.00     4.40     64.550     78.622    1.0000    16.70    88.18     0.00
  NGC3972             5.240   116.00     4.40     73.290     81.113    1.0000    20.91    99.34     0.00
  NGC3972             6.110   123.00     4.40     79.208     83.898    1.0000    24.68   106.44     0.00
  NGC3972             6.980   130.00     3.90     77.888     86.113    1.0000    28.34   102.60     0.00
  NGC3972             7.850   134.00     6.10     75.170     85.723    1.0000    30.60    97.10     0.00
  NGC3972             8.720   134.00     4.90     71.931     82.321    1.0000    30.07    92.41     0.00
  NGC3992             9.190   248.00     7.00    154.227    146.598    0.6003     0.00   218.11     0.00
  NGC3992            13.790   264.00     6.60    174.525    170.231    0.7228     6.57   246.64     0.00
  NGC3992            18.350   272.00     5.70    174.814    190.804    0.8848    31.53   243.17     0.00
  NGC3992            22.940   271.00     5.70    170.382    196.383    1.0000    46.25   231.91     0.00
  NGC3992            27.520   264.00     5.30    155.404    184.757    1.0000    52.31   206.95     0.00
  NGC3992            32.110   242.00     7.40    141.300    163.573    1.0000    49.34   187.25     0.00
  NGC3992            36.700   244.00     5.30    131.120    159.172    1.0000    46.74   173.25     0.00
  NGC3992            41.440   241.00     6.20    122.603    150.881    1.0000    45.26   161.14     0.00
  NGC3992            46.020   237.00     8.60    115.937    141.949    1.0000    44.89   151.17     0.00
  NGC4010             0.870    39.30     6.60     23.158     28.933    1.0000     0.00    32.75     0.00
  NGC4010             1.740    54.60     5.60     45.954     39.785    1.0000    11.53    62.91     0.00
  NGC4010             2.610    65.50     6.70     60.274     47.211    1.0000    13.36    83.12     0.00
  NGC4010             3.500    83.90     5.20     68.146     59.663    1.0000    15.73    93.77     0.00
  NGC4010             4.370    94.30     6.30     71.742     65.967    1.0000    19.72    97.55     0.00
  NGC4010             5.240   104.00     5.70     72.894     71.377    1.0000    22.31    98.14     0.00
  NGC4010             6.110   115.00     5.10     74.342     77.133    1.0000    25.86    98.57     0.00
  NGC4010             6.980   127.00     5.10     76.062     82.740    1.0000    29.63    99.07     0.00
  NGC4010             7.850   129.00     5.10     77.652     81.131    1.0000    33.19    99.28     0.00
  NGC4010             8.720   127.00     5.10     77.492     76.791    1.0000    36.53    96.65     0.00
  NGC4010             9.600   124.00     5.10     75.002     71.795    1.0000    35.56    93.39     0.00
  NGC4010            10.470   122.00     3.90     72.163     67.382    1.0000    33.73    90.22     0.00
  NGC4013             5.490   198.00    10.00    160.107    142.388    0.9288     0.00   186.83   108.11
  NGC4013             6.170   195.00     5.00    164.223    144.041    1.0000    10.14   197.40   102.70
  NGC4013             6.920   194.00     4.00    166.282    141.620    1.0000    19.07   203.18    97.43
  NGC4013             7.690   195.00     3.00    166.750    140.643    1.0000    24.03   205.95    92.74
  NGC4013             8.360   195.00     3.00    165.547    139.163    1.0000    26.62   205.73    88.92
  NGC4013             9.120   195.00     3.00    162.660    137.490    1.0000    28.67   202.75    85.21
  NGC4013             9.880   192.00     7.00    157.093    133.752    1.0000    29.74   195.44    81.90
  NGC4013            10.560   188.00     8.00    149.887    129.591    1.0000    29.63   185.44    79.23
  NGC4013            11.310   186.00     7.00    142.825    126.757    1.0000    29.42   175.66    76.58
  NGC4013            12.080   186.00     6.00    136.647    125.271    1.0000    29.85   166.96    74.10
  NGC4013            12.770   186.00     5.00    131.957    123.930    1.0000    30.50   160.29    72.07
  NGC4013            13.470   185.00     6.00    128.018    121.906    1.0000    31.57   154.56    70.18
  NGC4013            14.170   180.00    10.00    124.477    117.320    1.0000    32.44   149.44    68.41
  NGC4013            14.980   163.00     8.00    120.734    105.031    1.0000    32.98   144.15    66.54
  NGC4013            15.680   162.00     6.00    117.549    103.456    1.0000    32.44   140.03    65.04
  NGC4013            16.370   164.00     5.00    114.536    103.796    1.0000    31.79   136.17    63.66
  NGC4013            17.190   166.00     5.00    111.231    103.903    1.0000    30.82   132.07    62.12
  NGC4013            17.880   166.00     5.00    108.577    102.910    1.0000    29.63   128.95    60.91
  NGC4013            18.580   166.00     5.00    106.109    101.894    1.0000    28.56   126.05    59.75
  NGC4013            19.390   166.00     5.00    103.596    100.708    1.0000    27.91   122.95    58.49
  NGC4013            20.090   168.00     5.00    101.542    100.860    1.0000    27.26   120.47    57.46
  NGC4013            20.790   172.00     5.00     99.551    102.121    1.0000    26.40   118.15    56.49
  NGC4013            21.480   173.00     5.00     97.796    101.533    1.0000    25.97   116.00    55.57
  NGC4013            22.300   171.00     5.00     96.000     98.955    1.0000    26.08   113.61    54.54
  NGC4013            22.990   170.00     5.00     94.645     97.199    1.0000    26.40   111.72    53.72
  NGC4013            23.690   172.00     5.00     93.466     97.106    1.0000    27.16   109.89    52.92
  NGC4013            24.390   173.00     5.00     92.667     96.379    1.0000    28.88   108.16    52.15
  NGC4013            25.200   176.00     5.00     91.645     96.457    1.0000    30.17   106.26    51.31
  NGC4013            25.900   178.00     5.00     90.403     96.082    1.0000    29.96   104.71    50.61
  NGC4013            26.590   180.00     6.00     89.183     95.620    1.0000    29.63   103.24    49.95
  NGC4013            27.410   180.00     8.00     87.749     93.708    1.0000    29.10   101.58    49.19
  NGC4013            28.100   180.00     5.00     86.522     92.042    1.0000    28.45   100.24    48.59
  NGC4013            28.800   180.00     5.00     85.392     90.296    1.0000    28.02    98.94    47.99
  NGC4013            29.610   178.00     5.00     84.157     87.240    1.0000    27.59    97.50    47.33
  NGC4013            30.310   174.00     5.00     83.252     83.538    1.0000    27.59    96.31    46.78
  NGC4013            31.010   170.00    10.00     81.921     79.935    1.0000    26.19    95.16    46.25
  NGC4051             1.740   121.00    14.80    119.501     64.025    0.5017     0.00   169.00     0.00
  NGC4051             3.500   116.00     7.80     98.104     66.963    0.5934     0.00   138.74     0.00
  NGC4051             5.240   140.00     7.00    107.236     86.274    0.6833     9.08   151.11     0.00
  NGC4051             6.980   160.00     6.60    129.425    106.992    0.8305    18.43   181.17     0.00
  NGC4051             8.720   161.00     5.20    141.359    114.392    1.0000    29.10   195.63     0.00
  NGC4051            10.470   154.00     7.40    133.026    104.793    1.0000    34.92   181.53     0.00
  NGC4051            12.190   153.00     9.80    125.753     99.317    1.0000    38.79   169.17     0.00
  NGC4068             0.210     4.68     3.65      4.923      2.445    0.5165     0.92     6.84     0.00
  NGC4068             0.640    13.10     3.44     12.471      6.925    0.5288     4.01    16.70     0.00
  NGC4068             1.060    22.50     2.45     17.023     12.195    0.5566     7.70    21.47     0.00
  NGC4068             1.480    30.40     1.71     20.715     17.196    0.6099    12.50    23.36     0.00
  NGC4068             1.910    36.00     1.70     24.166     21.709    0.7059    17.24    23.95     0.00
  NGC4068             2.330    41.90     4.97     25.496     27.749    0.8963    19.86    22.61     0.00
  NGC4085             0.870    42.20     7.30     67.034     24.978    0.6196     0.00    94.80     0.00
  NGC4085             1.740    79.90     5.90     92.160     48.787    0.6630    11.42   129.33     0.00
  NGC4085             2.710   112.00     6.20    101.579     72.541    0.7594    11.32   142.76     0.00
  NGC4085             3.580   127.00     4.90    106.825     88.416    0.9106    18.54   148.78     0.00
  NGC4085             4.450   130.00     4.90    112.238     92.023    1.0000    23.17   155.31     0.00
  NGC4085             5.320   133.00     4.50    108.868     90.648    1.0000    25.76   149.59     0.00
  NGC4085             6.200   136.00     7.40    101.527     88.542    1.0000    25.00   139.16     0.00
  NGC4088             1.740    84.90    11.30     96.958     55.744    0.7380     0.00   137.12     0.00
  NGC4088             3.500   136.00     9.90    127.470     93.639    0.8263     0.00   180.27     0.00
  NGC4088             5.240   162.00     8.00    171.208    118.043    0.9577    16.92   240.94     0.00
  NGC4088             6.980   179.00     6.50    189.424    129.978    1.0000    31.57   264.14     0.00
  NGC4088             8.720   182.00     6.10    177.320    128.372    1.0000    42.24   243.55     0.00
  NGC4088            10.470   179.00     7.00    169.962    122.495    1.0000    48.71   230.28     0.00
  NGC4088            12.190   174.00     6.20    163.940    115.557    1.0000    53.67   219.07     0.00
  NGC4088            13.940   171.00     7.20    151.086    110.099    1.0000    54.74   199.15     0.00
  NGC4088            15.680   168.00     6.10    141.233    104.766    1.0000    54.64   184.18     0.00
  NGC4088            17.420   165.00     5.60    133.580     99.521    1.0000    53.77   172.93     0.00
  NGC4088            19.280   171.00     8.60    126.405     99.110    1.0000    52.37   162.70     0.00
  NGC4088            21.480   174.00     7.60    118.916     95.269    1.0000    50.22   152.44     0.00
  NGC4100             2.610   120.00    10.50     89.405     88.095    1.0000     5.71   126.18     0.00
  NGC4100             3.500   148.00     7.50     96.008    107.227    1.0000     9.28   135.14     0.00
  NGC4100             4.370   168.00     6.20    108.647    119.816    1.0000    13.15   152.52     0.00
  NGC4100             5.240   182.00     6.10    126.912    127.466    1.0000    16.38   177.98     0.00
  NGC4100             6.110   190.00     5.20    140.530    130.416    1.0000    19.18   196.88     0.00
  NGC4100             6.980   194.00     5.70    147.986    130.305    1.0000    21.66   207.03     0.00
  NGC4100             7.850   195.00     6.10    142.567    128.008    1.0000    23.38   198.89     0.00
  NGC4100             8.720   193.00     4.80    137.428    123.717    1.0000    24.46   191.25     0.00
  NGC4100             9.600   192.00     3.90    129.892    120.050    1.0000    25.00   180.26     0.00
  NGC4100            10.470   192.00     3.50    122.672    116.977    1.0000    25.65   169.65     0.00
  NGC4100            11.350   191.00     4.40    117.649    113.172    1.0000    26.73   162.03     0.00
  NGC4100            12.190   189.00     4.80    114.768    108.886    1.0000    28.34   157.28     0.00
  NGC4100            13.120   185.00     5.30    111.840    103.165    1.0000    30.60   152.13     0.00
  NGC4100            13.940   182.00     4.50    108.669     98.494    1.0000    32.54   146.63     0.00
  NGC4100            14.860   179.00     6.60    105.470     93.502    1.0000    34.38   141.01     0.00
  NGC4100            15.680   176.00     6.20    103.057     88.923    1.0000    36.42   136.34     0.00
  NGC4100            16.610   174.00     6.60    100.711     84.441    1.0000    38.36   131.69     0.00
  NGC4100            17.420   178.00     8.70     98.625     83.059    1.0000    38.90   128.17     0.00
  NGC4100            18.350   177.00     6.20     95.943     78.451    1.0000    37.93   124.63     0.00
  NGC4100            19.160   169.00     5.90     93.448     71.082    0.9913    36.96   121.38     0.00
  NGC4100            20.090   158.00     6.30     90.783     59.085    0.8688    36.10   117.80     0.00
  NGC4100            21.020   158.00     7.60     88.297     51.516    0.7216    34.92   114.69     0.00
  NGC4100            21.950   158.00     8.90     86.015     44.243    0.5741    33.73   111.90     0.00
  NGC4100            22.760   159.00     9.00     83.998     37.570    0.4305    32.65   109.45     0.00
  NGC4138             2.610   179.00    14.70    171.383     81.902    0.3916     8.52   197.55   118.24
  NGC4138             5.240   195.00     6.80    144.992    102.947    0.5017    19.72   177.52    83.47
  NGC4138             7.850   181.00     9.80    121.712    108.983    0.6522    23.38   148.40    68.20
  NGC4138            10.650   162.00    20.40    103.904    110.546    0.8731    20.04   126.45    58.55
  NGC4138            13.470   145.00     9.60     91.896    102.184    1.0000    20.80   110.59    52.06
  NGC4138            16.030   147.00    17.90     84.415     99.704    1.0000    22.85   100.09    47.73
  NGC4138            18.580   150.00    21.00     78.643     97.252    1.0000    23.38    92.33    44.33
  NGC4157             1.740    96.40    12.10    109.404     62.631    0.7103     5.73   129.95    70.64
  NGC4157             3.500   157.00    10.50    159.994    106.753    0.7888    16.49   217.21    49.80
  NGC4157             5.240   192.00     8.40    172.781    138.238    0.9099    21.44   237.63    40.70
  NGC4157             6.980   201.00     6.90    178.279    148.446    1.0000    24.35   246.25    35.27
  NGC4157             8.720   201.00     7.30    182.023    144.818    1.0000    30.50   251.02    31.55
  NGC4157            10.470   194.00     6.40    170.165    136.433    1.0000    41.92   230.73    28.80
  NGC4157            12.190   190.00     6.00    157.842    130.597    1.0000    51.62   208.57    26.69
  NGC4157            13.940   186.00     6.40    146.741    124.951    1.0000    50.11   192.80    24.96
  NGC4157            15.680   184.00     6.40    137.112    120.823    1.0000    48.39   179.28    23.53
  NGC4157            17.420   182.00     7.30    131.830    116.771    1.0000    52.05   169.24    22.32
  NGC4157            19.160   181.00     6.60    125.231    113.390    1.0000    50.54   160.07    21.29
  NGC4157            20.900   183.00     6.50    118.639    111.777    1.0000    48.06   151.49    20.38
  NGC4157            22.650   185.00     6.50    116.246    109.908    1.0000    52.27   145.00    19.58
  NGC4157            24.390   186.00     9.10    111.492    107.212    1.0000    50.33   138.91    18.87
  NGC4157            26.130   186.00    11.40    106.810    103.718    1.0000    47.42   133.62    18.23
  NGC4157            27.870   184.00    13.60    102.673     98.967    1.0000    44.83   128.95    17.65
  NGC4157            29.610   185.00    13.60     99.186     95.614    1.0000    43.00   124.77    17.12
  NGC4183             0.870    47.10     8.20     27.803     32.300    0.7981     2.50    39.16     0.00
  NGC4183             1.740    65.90     6.60     34.974     46.705    0.8629     5.78    48.78     0.00
  NGC4183             2.610    76.10     5.60     41.837     55.711    0.9357    11.64    56.83     0.00
  NGC4183             3.500    85.70     5.60     44.303     64.201    1.0000    13.90    59.49     0.00
  NGC4183             4.370    96.60     5.20     49.598     71.518    1.0000    17.89    65.42     0.00
  NGC4183             5.240    99.30     5.20     53.749     72.605    1.0000    23.49    68.37     0.00
  NGC4183             6.110   103.00     5.20     57.128     74.368    1.0000    25.97    71.96     0.00
  NGC4183             6.980   107.00     5.20     60.195     76.250    1.0000    27.48    75.74     0.00
  NGC4183             7.850   111.00     5.20     63.667     78.007    1.0000    31.47    78.27     0.00
  NGC4183             8.720   114.00     6.10     66.980     78.934    1.0000    35.45    80.37     0.00
  NGC4183             9.600   115.00     6.10     66.525     78.377    1.0000    36.42    78.73     0.00
  NGC4183            10.470   111.00     5.60     64.988     74.483    1.0000    37.82    74.74     0.00
  NGC4183            11.350   110.00     5.60     65.264     72.683    1.0000    41.81    70.87     0.00
  NGC4183            12.310   111.00     5.20     62.214     72.088    1.0000    40.20    67.15     0.00
  NGC4183            13.120   109.00     4.80     59.743     69.743    1.0000    38.58    64.51     0.00
  NGC4183            14.050   108.00     4.40     58.100     67.926    1.0000    38.15    61.97     0.00
  NGC4183            14.980   109.00     5.20     57.552     67.343    1.0000    39.01    59.84     0.00
  NGC4183            16.030   111.00     5.30     55.995     67.109    1.0000    38.26    57.82     0.00
  NGC4183            16.950   110.00     4.90     53.994     65.174    1.0000    36.53    56.23     0.00
  NGC4183            17.880   109.00     4.90     53.710     63.229    1.0000    37.39    54.53     0.00
  NGC4183            18.930   110.00     5.30     52.445     62.207    1.0000    36.86    52.76     0.00
  NGC4183            19.970   112.00    10.20     50.884     61.600    1.0000    35.67    51.32     0.00
  NGC4183            21.020   113.00    11.50     49.931     60.230    1.0000    35.35    49.87     0.00
  NGC4214             0.210    55.50     7.21     23.472     32.672    0.6020     5.41    32.30     0.00
  NGC4214             0.630    63.20     5.22     39.317     41.372    0.7540    13.09    52.43     0.00
  NGC4214             1.040    66.60     7.97     43.787     46.449    0.8794    16.91    57.12     0.00
  NGC4214             1.460    70.50     4.62     43.657     51.451    1.0000    16.91    56.92     0.00
  NGC4214             1.880    76.10     4.69     41.495     54.295    1.0000    16.70    53.72     0.00
  NGC4214             2.300    78.80     4.52     38.030     54.862    1.0000    15.77    48.94     0.00
  NGC4214             2.710    80.10     6.65     35.448     54.371    1.0000    14.85    45.52     0.00
  NGC4214             3.140    80.10     6.28     32.857     52.871    1.0000    13.92    42.09     0.00
  NGC4214             3.550    80.10     5.09     30.692     51.407    1.0000    13.09    39.26     0.00
  NGC4214             3.960    80.40     5.40     29.128     50.073    1.0000    12.99    36.87     0.00
  NGC4214             4.380    80.10     7.58     27.826     48.253    1.0000    12.99    34.80     0.00
  NGC4214             4.800    80.40     8.90     26.774     46.697    1.0000    13.09    33.03     0.00
  NGC4214             5.220    80.60     9.37     25.854     44.937    1.0000    13.09    31.53     0.00
  NGC4214             5.630    80.60     9.37     25.509     42.948    1.0000    13.92    30.23     0.00
  NGC4217             0.870    47.80     8.20    129.385     33.597    0.8709     3.06    22.47   153.43
  NGC4217             1.740    98.90     8.20    184.659     70.811    0.9139    12.07    39.91   217.64
  NGC4217             2.610   146.00     7.70    220.802    108.016    1.0000    14.22    54.38   259.32
  NGC4217             3.500   164.00     6.40    234.501    119.194    1.0000    13.58    67.47   273.94
  NGC4217             4.370   174.00     5.95    221.638    124.109    1.0000    15.41    76.15   256.31
  NGC4217             5.240   175.00     6.00    208.063    122.453    1.0000    20.15    86.20   236.55
  NGC4217             6.110   184.00     6.40    197.593    126.210    1.0000    23.71    98.08   219.32
  NGC4217             6.980   185.00     6.40    188.666    124.230    1.0000    21.44   106.18   205.28
  NGC4217             7.850   188.00     6.65    182.773    123.467    1.0000    24.46   114.52   193.65
  NGC4217             8.720   190.00     7.35    173.537    121.850    1.0000    27.91   106.83   183.73
  NGC4217             9.600   191.00     6.40    164.882    119.379    1.0000    30.71    97.81   175.09
  NGC4217            10.470   191.00     5.55    157.997    116.170    1.0000    32.87    91.79   167.63
  NGC4217            11.350   189.00     5.95    152.110    111.630    1.0000    33.95    87.56   161.03
  NGC4217            12.190   186.00     6.85    146.789    106.669    1.0000    32.87    84.33   155.43
  NGC4217            13.120   183.00     6.40    141.583    101.401    1.0000    32.44    81.01   149.82
  NGC4217            13.940   179.00     6.85    137.199     96.075    1.0000    31.36    78.12   145.35
  NGC4217            14.860   177.00     7.25    132.791     91.471    1.0000    30.50    75.23   140.78
  NGC4217            15.790   177.00     8.55    129.078     87.707    1.0000    31.36    72.41   136.57
  NGC4217            16.720   178.00    12.00    126.045     84.108    1.0000    33.41    69.87   132.72
  NGC4389             0.870    27.30     5.80     61.328     15.426    0.5922     3.85    86.56     0.00
  NGC4389             1.740    52.70     6.70     83.202     30.559    0.6262     8.29   117.08     0.00
  NGC4389             2.710    69.20     6.70     94.129     41.940    0.6917    12.50   131.94     0.00
  NGC4389             3.580    83.50     6.40    102.150     53.219    0.7811    15.95   142.69     0.00
  NGC4389             4.450    95.90     6.30    110.169     65.462    0.9351    20.91   152.97     0.00
  NGC4389             5.320   110.00     7.60    101.571     74.667    1.0000    21.98   140.24     0.00
  NGC4559             0.670    43.80    10.90     41.706     28.047    0.7961    -1.86    59.04     0.00
  NGC4559             1.320    64.20     7.71     53.847     42.302    0.8545    -3.80    76.34     0.00
  NGC4559             1.970    73.30     8.62     62.511     49.810    0.9246    -4.48    88.63     0.00
  NGC4559             2.620    84.20     8.40     68.583     58.885    1.0000     7.23    96.45     0.00
  NGC4559             3.280    96.20     5.67     75.869     66.425    1.0000    12.91   105.73     0.00
  NGC4559             3.930   102.00     4.79     82.076     69.471    1.0000    15.03   114.11     0.00
  NGC4559             4.580   104.00     5.67     83.967     69.859    1.0000    16.47   116.44     0.00
  NGC4559             5.220   106.00     5.37     83.751     70.246    1.0000    19.07   115.33     0.00
  NGC4559             5.900   106.00     5.24     83.657     69.259    1.0000    21.96   114.16     0.00
  NGC4559             6.540   108.00     5.22     82.424     69.637    1.0000    24.08   111.48     0.00
  NGC4559             7.190   111.00     4.68     81.325     70.584    1.0000    26.59   108.69     0.00
  NGC4559             7.870   114.00     4.61     81.889     71.393    1.0000    28.42   108.61     0.00
  NGC4559             8.510   116.00     4.47     82.337     71.556    1.0000    29.67   108.62     0.00
  NGC4559             9.160   117.00     5.22     81.499     71.032    1.0000    30.73   106.75     0.00
  NGC4559             9.840   118.00     5.22     79.877     70.412    1.0000    33.62   102.47     0.00
  NGC4559            10.480   120.00     4.50     78.393     70.392    1.0000    36.60    98.04     0.00
  NGC4559            11.130   121.00     3.62     77.172     69.690    1.0000    38.63    94.48     0.00
  NGC4559            11.780   122.00     3.17     75.590     68.922    1.0000    39.40    91.23     0.00
  NGC4559            12.430   122.00     2.74     74.021     67.540    1.0000    39.69    88.36     0.00
  NGC4559            13.080   122.00     3.18     72.947     66.126    1.0000    40.46    85.84     0.00
  NGC4559            13.730   123.00     3.56     72.417     65.192    1.0000    42.00    83.43     0.00
  NGC4559            14.380   124.00     4.31     71.812     64.163    1.0000    43.44    80.87     0.00
  NGC4559            15.030   124.00     4.76     70.990     62.538    1.0000    44.21    78.55     0.00
  NGC4559            15.680   123.00     5.23     70.705     60.373    1.0000    45.27    76.81     0.00
  NGC4559            16.330   123.00     5.66     70.767     58.660    1.0000    46.72    75.17     0.00
  NGC4559            16.980   123.00     5.62     70.789     56.872    1.0000    48.07    73.49     0.00
  NGC4559            17.720   121.00     5.67     70.748     53.878    1.0000    49.41    71.61     0.00
  NGC4559            18.280   122.00     6.32     70.911     52.679    1.0000    50.57    70.30     0.00
  NGC4559            19.020   122.00     6.35     70.818     49.994    0.9843    51.53    68.70     0.00
  NGC4559            19.670   121.00     5.86     70.542     44.512    0.8579    52.02    67.38     0.00
  NGC4559            20.320   120.00     5.94     70.029     39.081    0.7210    52.11    66.16     0.00
  NGC4559            20.970   119.00     6.13     69.271     33.829    0.5826    51.82    65.01     0.00
  NGC5005             0.490   211.00    40.10    212.299    131.322    0.6504    64.37    73.17   233.76
  NGC5005             0.980   233.00    17.40    257.594    156.454    0.7667    75.60   130.38   272.92
  NGC5005             1.470   227.00    14.40    250.560    160.961    0.8724    68.11   176.13   246.78
  NGC5005             1.970   234.00    10.80    241.726    172.905    0.9713    61.94   213.49   213.16
  NGC5005             2.460   245.00     7.67    242.774    181.120    1.0000    60.52   244.17   190.74
  NGC5005             2.950   244.00    23.30    245.669    177.847    1.0000    69.43   261.90   174.18
  NGC5005             3.440   261.00    23.30    247.630    187.512    1.0000    75.40   273.58   161.30
  NGC5005             3.930   259.00    22.70    243.957    183.298    1.0000    73.37   276.37   150.91
  NGC5005             4.420   258.00    22.70    239.056    179.913    1.0000    68.82   276.54   142.30
  NGC5005             4.920   258.00    22.50    236.435    177.225    1.0000    65.78   278.71   134.88
  NGC5005             5.740   261.00    22.40    233.533    174.794    1.0000    61.84   282.13   124.87
  NGC5005             6.560   263.00    22.40    231.251    171.476    1.0000    59.41   284.24   116.81
  NGC5005             7.370   264.00    22.30    226.767    167.339    1.0000    58.09   281.24   110.20
  NGC5005             8.190   265.00    22.20    223.496    162.885    1.0000    58.09   279.02   104.54
  NGC5005             9.010   265.00    22.20    220.879    157.523    1.0000    58.19   277.30    99.67
  NGC5005             9.830   264.00    22.00    216.198    151.287    1.0000    57.28   272.35    95.42
  NGC5005            10.650   264.00    21.90    209.263    145.272    1.0000    55.06   264.11    91.67
  NGC5005            11.470   265.00    22.00    201.487    139.268    1.0000    51.82   254.75    88.34
  NGC5033             0.760   206.00    16.00    241.628    113.027    0.5127     2.44    95.41   277.30
  NGC5033             2.280   214.00    10.00    237.130    132.926    0.6487     5.15   214.07   218.08
  NGC5033             3.800   222.00     8.00    219.656    147.830    0.7548     8.48   237.47   168.95
  NGC5033             5.330   224.00     8.00    198.357    157.278    0.8578    16.65   222.81   142.66
  NGC5033             6.850   225.00     8.00    181.218    164.621    0.9590    22.40   206.17   125.84
  NGC5033             8.000   222.00     6.00    168.752    163.784    1.0000    24.58   191.74   116.44
  NGC5033            10.280   220.00     3.00    154.789    158.321    1.0000    28.49   177.55   102.72
  NGC5033            12.560   218.00     2.00    145.166    153.165    1.0000    30.21   168.02    92.93
  NGC5033            14.910   219.00     2.00    136.553    150.111    1.0000    36.41   156.39    85.29
  NGC5033            17.150   217.00     2.00    130.292    145.212    1.0000    41.69   147.04    79.53
  NGC5033            19.390   218.00     2.00    125.899    142.313    1.0000    45.72   140.32    74.79
  NGC5033            21.640   220.00     2.00    124.790    139.865    1.0000    51.92   136.88    70.80
  NGC5033            24.010   222.00     2.00    122.255    136.922    1.0000    56.74   130.88    67.21
  NGC5033            26.250   218.00     3.00    118.316    130.392    1.0000    58.35   124.11    64.28
  NGC5033            28.500   217.00     3.00    113.515    125.613    1.0000    56.74   118.34    61.69
  NGC5033            30.870   207.00     3.00    108.334    115.595    1.0000    53.30   113.45    59.28
  NGC5033            33.120   199.00     3.00    104.359    107.385    1.0000    51.34   109.20    57.23
  NGC5033            35.360   191.00     3.00    100.327     99.595    1.0000    48.70   105.32    55.39
  NGC5033            37.730   193.00     3.00     96.749     96.849    1.0000    46.75   101.61    53.62
  NGC5033            39.980   192.00     3.00     93.771     92.537    1.0000    45.26    98.44    52.09
  NGC5033            42.220   194.00     4.00     91.113     89.397    1.0000    43.99    95.58    50.69
  NGC5033            44.590   196.00     5.00     88.550     85.490    1.0000    42.84    92.77    49.32
  NGC5055             0.720   125.00    17.60    142.485     77.073    0.6141     2.20   201.48     0.00
  NGC5055             1.430   162.00     8.50    169.838    103.956    0.6660     3.72   240.13     0.00
  NGC5055             2.160   178.00     5.22    186.205    118.558    0.7208     4.09   263.27     0.00
  NGC5055             2.870   193.00     1.88    198.585    132.775    0.7746     5.34   280.74     0.00
  NGC5055             3.590   192.00     3.59    193.360    135.878    0.8275     6.03   273.32     0.00
  NGC5055             4.300   190.00     0.97    192.528    137.302    0.8719     5.11   272.18     0.00
  NGC5055             5.030   195.00     0.99    193.739    143.167    0.9106     8.42   273.73     0.00
  NGC5055             5.750   201.00     0.45    195.835    149.150    0.9422    14.42   276.20     0.00
  NGC5055             6.460   204.00     0.81    198.713    152.105    0.9643    19.11   279.72     0.00
  NGC5055             7.180   204.00     0.65    196.188    151.872    0.9751    22.51   275.62     0.00
  NGC5055             7.910   206.00     0.66    193.656    152.052    0.9723    25.80   271.43     0.00
  NGC5055             8.620   206.00     1.54    190.998    149.466    0.9521    28.49   267.09     0.00
  NGC5055            11.490   206.00     1.90    176.772    149.094    1.0000    33.07   245.58     0.00
  NGC5055            14.300   206.00     0.42    165.561    145.016    1.0000    45.73   225.03     0.00
  NGC5055            17.190   203.00     4.19    154.835    138.853    1.0000    47.26   208.52     0.00
  NGC5055            20.070   200.00     1.23    141.822    132.893    1.0000    44.56   190.41     0.00
  NGC5055            22.960   194.00     4.09    130.765    125.184    1.0000    40.45   175.86     0.00
  NGC5055            25.850   188.00     5.20    122.005    117.823    1.0000    37.41   164.23     0.00
  NGC5055            28.740   184.00     1.16    115.740    111.977    1.0000    38.46   154.38     0.00
  NGC5055            31.620   182.00     2.47    110.927    107.464    1.0000    40.22   146.20     0.00
  NGC5055            34.510   180.00     3.85    107.305    102.955    1.0000    42.57   139.30     0.00
  NGC5055            37.400   181.00     8.43    102.644    100.047    1.0000    40.57   133.34     0.00
  NGC5055            40.290   180.00     4.55     99.798     95.845    1.0000    41.86   128.12     0.00
  NGC5055            43.170   179.00     0.44     97.318     91.517    1.0000    42.92   123.52     0.00
  NGC5055            45.920   179.00     1.96     95.641     87.671    1.0000    44.68   119.59     0.00
  NGC5055            48.810   179.00     2.99     93.241     83.321    1.0000    44.56   115.83     0.00
  NGC5055            51.700   174.00     3.39     90.738     76.521    1.0000    43.74   112.43     0.00
  NGC5055            54.590   172.00     4.84     87.850     70.995    1.0000    41.74   109.32     0.00
  NGC5371             1.450   216.00    10.00    170.342    126.732    0.5802     0.00   240.90     0.00
  NGC5371             2.880   215.00     7.00    164.445    136.670    0.6826     0.00   232.56     0.00
  NGC5371             4.330   215.00     5.00    166.552    143.786    0.7645     0.00   235.54     0.00
  NGC5371             5.780   214.00     4.00    172.364    148.191    0.8327     0.00   243.76     0.00
  NGC5371             7.220   215.00     4.00    173.467    152.329    0.8873     0.00   245.32     0.00
  NGC5371             8.660   221.00     3.00    178.898    158.804    0.9310     0.00   253.00     0.00
  NGC5371            11.550   233.00     3.00    199.424    169.491    1.0000    11.24   281.58     0.00
  NGC5371            14.480   237.00     3.00    213.767    167.834    1.0000    27.45   299.81     0.00
  NGC5371            17.280   242.00     3.00    212.642    166.799    1.0000    40.74   295.15     0.00
  NGC5371            20.200   241.00     3.00    213.749    161.191    1.0000    51.22   293.48     0.00
  NGC5371            23.120   240.00     3.00    209.579    155.489    1.0000    57.81   284.89     0.00
  NGC5371            26.040   234.00     3.00    197.423    146.598    1.0000    56.95   267.33     0.00
  NGC5371            28.840   226.00     3.00    185.018    136.986    1.0000    55.22   249.73     0.00
  NGC5371            31.760   213.00     3.00    174.551    124.765    1.0000    52.84   235.27     0.00
  NGC5371            34.680   207.00     3.00    166.141    117.199    1.0000    50.68   223.76     0.00
  NGC5371            37.480   208.00     4.00    156.305    113.768    1.0000    48.19   210.28     0.00
  NGC5371            40.400   209.00     4.00    148.467    109.843    1.0000    45.17   200.01     0.00
  NGC5371            43.320   207.00     4.00    141.931    104.083    1.0000    42.57   191.48     0.00
  NGC5371            46.240   213.00     6.00    136.514    101.772    1.0000    40.95   184.17     0.00
  NGC5585             0.090    11.20     2.02      9.000      4.735    0.3361     0.32    12.72     0.00
  NGC5585             0.260    26.50     1.03     19.074     11.436    0.3492     0.96    26.94     0.00
  NGC5585             0.430    33.70     1.03     25.040     15.082    0.3742     1.60    35.34     0.00
  NGC5585             0.600    32.70     1.12     28.395     15.331    0.4096     2.25    40.03     0.00
  NGC5585             0.770    33.70     1.03     30.726     16.651    0.4543     2.89    43.26     0.00
  NGC5585             0.940    35.70     2.24     32.615     18.653    0.5077     3.55    45.85     0.00
  NGC5585             1.110    37.80     3.35     34.235     20.891    0.5680     4.20    48.05     0.00
  NGC5585             1.280    41.80     3.35     34.945     24.380    0.6331     4.86    48.94     0.00
  NGC5585             1.460    43.90     2.14     35.859     26.916    0.7007     5.23    50.17     0.00
  NGC5585             1.630    44.90     1.25     36.668     28.744    0.7655     5.36    51.30     0.00
  NGC5585             2.050    53.20     1.60     38.565     35.712    0.8483     5.65    53.95     0.00
  NGC5585             2.740    64.30     0.90     41.130     45.785    0.9749     9.45    56.61     0.00
  NGC5585             3.420    73.10     2.40     41.842     51.949    1.0000    11.66    56.83     0.00
  NGC5585             4.110    76.20     4.40     43.855     53.251    1.0000    15.23    58.16     0.00
  NGC5585             4.790    78.40     3.80     44.825     53.860    1.0000    19.76    56.90     0.00
  NGC5585             5.480    83.10     3.10     44.524     56.032    1.0000    23.04    53.88     0.00
  NGC5585             6.160    88.00     3.00     44.332     58.107    1.0000    26.02    50.76     0.00
  NGC5585             6.850    89.90     2.40     43.281     57.964    1.0000    27.47    47.30     0.00
  NGC5585             7.530    90.60     2.80     42.551     56.944    1.0000    29.11    43.89     0.00
  NGC5585             8.210    91.60     2.60     42.664     55.994    1.0000    31.03    41.41     0.00
  NGC5585             8.900    92.30     1.40     42.490     54.691    1.0000    32.10    39.37     0.00
  NGC5585             9.570    90.90     1.00     41.942     52.119    1.0000    32.38    37.70     0.00
  NGC5585            10.310    89.60     2.70     41.543     49.403    1.0000    32.77    36.11     0.00
  NGC5585            10.960    89.40     2.70     40.783     47.467    1.0000    32.48    34.88     0.00
  NGC5907             5.030   214.00     6.00    126.466    140.248    0.7369     0.00   178.85     0.00
  NGC5907             7.550   220.00     6.00    146.661    154.263    0.8639     0.00   207.41     0.00
  NGC5907            10.070   235.00     4.00    160.556    174.016    1.0000     0.00   227.06     0.00
  NGC5907            12.580   235.00     4.00    165.490    170.172    1.0000    16.93   232.81     0.00
  NGC5907            15.100   230.00     2.00    160.708    162.974    1.0000    24.45   224.63     0.00
  NGC5907            17.610   231.00     2.00    156.735    160.226    1.0000    31.10   217.25     0.00
  NGC5907            20.130   232.00     2.00    153.661    157.408    1.0000    42.26   208.93     0.00
  NGC5907            22.650   225.00     7.00    150.192    149.304    1.0000    53.67   198.38     0.00
  NGC5907            25.160   224.00     7.00    141.690    145.381    1.0000    49.79   187.60     0.00
  NGC5907            27.680   229.00     2.00    137.059    145.145    1.0000    54.30   177.97     0.00
  NGC5907            30.200   218.00     2.00    135.941    134.842    1.0000    64.08   169.55     0.00
  NGC5907            32.710   214.00     2.00    130.197    129.235    1.0000    61.58   162.23     0.00
  NGC5907            35.230   213.00     2.00    127.729    125.475    1.0000    64.96   155.53     0.00
  NGC5907            37.750   211.00     2.00    122.460    121.105    1.0000    61.95   149.39     0.00
  NGC5907            40.260   217.00     2.00    119.740    121.081    1.0000    63.21   143.82     0.00
  NGC5907            42.780   216.00     3.00    115.406    116.802    1.0000    60.70   138.81     0.00
  NGC5907            45.290   215.00     3.00    112.607    112.403    1.0000    60.57   134.25     0.00
  NGC5907            47.810   217.00     5.00    109.905    109.277    1.0000    60.07   130.16     0.00
  NGC5907            50.330   214.00     5.00    109.035    103.388    1.0000    62.33   126.52     0.00
  NGC5985             3.540   223.00     8.00    124.496    173.748    1.0000    -9.23   117.85   111.10
  NGC5985             4.230   230.00     6.13    122.119    178.133    1.0000   -10.88   124.82   101.71
  NGC5985             4.970   248.00     5.10    121.019    190.840    1.0000   -12.52   131.42    93.86
  NGC5985             5.740   258.00     6.60    123.287    197.162    1.0000   -13.93   141.81    87.33
  NGC5985             6.470   263.00     7.00    126.656    199.669    1.0000   -14.91   151.83    82.27
  NGC5985             7.220   272.00     6.25    131.845    205.107    1.0000   -15.46   163.57    77.87
  NGC5985             8.020   287.00     4.01    136.396    214.776    1.0000   -16.00   173.43    73.88
  NGC5985             8.790   289.00     7.25    140.549    214.637    1.0000   -16.33   181.85    70.57
  NGC5985             9.500   292.00     6.93    145.025    215.351    1.0000   -16.22   190.10    67.89
  NGC5985            10.270   302.00    10.40    151.099    220.981    1.0000   -15.46   200.43    65.29
  NGC5985            11.080   302.00    10.30    156.630    219.106    1.0000   -13.50   209.52    62.86
  NGC5985            11.820   304.00    10.40    159.487    218.834    1.0000    -9.20   214.14    60.86
  NGC5985            12.560   303.00    10.40    161.541    216.398    1.0000     5.72   217.36    59.04
  NGC5985            13.390   305.00    10.10    163.465    215.884    1.0000    13.39   220.24    57.18
  NGC5985            14.100   300.00     8.78    164.924    210.726    1.0000    17.64   222.33    55.72
  NGC5985            14.930   295.00     9.72    164.996    205.411    1.0000    21.66   222.27    54.15
  NGC5985            15.640   294.00     5.32    164.414    203.206    1.0000    24.38   221.26    52.91
  NGC5985            16.350   290.00     5.32    164.334    198.975    1.0000    26.24   221.10    51.75
  NGC5985            17.180   291.00     4.03    164.264    197.952    1.0000    27.98   220.98    50.48
  NGC5985            17.890   286.00     3.25    163.017    193.127    1.0000    29.72   218.99    49.47
  NGC5985            18.720   287.00     3.61    160.557    192.148    1.0000    31.57   215.15    48.36
  NGC5985            19.440   294.00     3.35    158.851    195.313    1.0000    33.20   212.39    47.46
  NGC5985            20.260   290.00     3.75    157.804    190.914    1.0000    35.16   210.49    46.49
  NGC5985            20.980   288.00     3.04    156.903    188.095    1.0000    37.01   208.75    45.68
  NGC5985            21.690   290.00     6.40    155.813    187.896    1.0000    38.65   206.74    44.93
  NGC5985            22.520   294.00     4.19    154.553    188.644    1.0000    40.50   204.38    44.09
  NGC5985            23.230   297.00     4.12    153.507    188.916    1.0000    41.91   202.43    43.41
  NGC5985            24.060   293.00     5.15    152.598    184.442    1.0000    43.22   200.72    42.66
  NGC5985            24.770   291.00     6.21    151.904    181.550    1.0000    44.20   199.42    42.04
  NGC5985            25.950   297.00     4.00    150.984    182.428    1.0000    45.18   197.86    41.07
  NGC5985            28.920   292.00     4.00    147.122    171.849    1.0000    43.33   193.43    38.91
  NGC5985            31.760   288.00     4.00    141.844    162.038    1.0000    45.72   184.74    37.13
  NGC5985            34.720   285.00     4.00    139.308    152.119    1.0000    47.57   180.34    35.51
  NGC6015             0.340    35.50     2.10     29.590     21.181    0.6510    -2.27    41.97     0.00
  NGC6015             0.670    62.40     4.20     43.866     37.747    0.6705    -3.73    62.26     0.00
  NGC6015             1.000    90.70     3.80     56.629     56.130    0.7042    -5.02    80.40     0.00
  NGC6015             1.320   104.00     2.00     61.027     66.218    0.7492    -6.13    86.74     0.00
  NGC6015             1.650   105.00     2.40     64.761     68.867    0.8000    -7.07    92.13     0.00
  NGC6015             1.980   108.00     2.00     68.808     72.812    0.8510    -7.85    97.94     0.00
  NGC6015             2.310   116.00     2.30     73.727     80.224    0.9024    -8.46   104.95     0.00
  NGC6015             2.630   130.00     3.30     78.898     92.051    0.9551    -8.80   112.27     0.00
  NGC6015             2.960   141.00     2.20     85.058    101.528    1.0000    -8.85   120.94     0.00
  NGC6015             3.280   146.00     1.60     91.057    104.427    1.0000    -8.55   129.34     0.00
  NGC6015             3.610   150.00     1.40     96.763    106.535    1.0000    -7.82   137.29     0.00
  NGC6015             3.940   152.00     1.10    101.375    107.194    1.0000    -6.39   143.65     0.00
  NGC6015             4.270   155.00     1.30    104.744    108.534    1.0000    -3.64   148.22     0.00
  NGC6015             4.600   152.00     1.80    106.151    105.695    1.0000     4.74   149.97     0.00
  NGC6015             4.940   150.00     2.40    106.257    103.597    1.0000     8.31   149.81     0.00
  NGC6015             5.300   147.00     5.50    105.120    100.834    1.0000    11.17   147.82     0.00
  NGC6015             5.630   145.00     3.80    104.074     98.873    1.0000    13.71   145.90     0.00
  NGC6015             5.960   152.00     4.10    104.264    103.022    1.0000    15.93   145.72     0.00
  NGC6015             6.270   149.00     1.40    104.257    100.408    1.0000    18.03   145.22     0.00
  NGC6015             8.240   149.00     4.00    100.677     96.935    1.0000    27.98   136.77     0.00
  NGC6015            10.300   146.00     4.00     94.887     91.689    1.0000    36.61   123.80     0.00
  NGC6015            11.130   149.00     3.20     93.697     92.256    1.0000    39.92   119.88     0.00
  NGC6015            11.950   152.00     2.80     92.967     92.741    1.0000    43.13   116.47     0.00
  NGC6015            12.720   153.00     2.40     91.758     92.019    1.0000    45.67   112.55     0.00
  NGC6015            13.580   156.00     2.20     90.043     92.260    1.0000    47.33   108.33     0.00
  NGC6015            14.430   158.00     2.80     88.317     91.811    1.0000    48.11   104.74     0.00
  NGC6015            15.290   158.00     3.10     86.530     90.115    1.0000    48.44   101.40     0.00
  NGC6015            16.020   159.00     3.80     84.960     89.203    1.0000    48.44    98.71     0.00
  NGC6015            16.880   161.00     3.60     82.971     88.487    1.0000    48.11    95.60     0.00
  NGC6015            17.730   163.00     4.00     81.101     87.652    1.0000    47.66    92.80     0.00
  NGC6015            18.590   162.00     4.80     79.239     85.099    1.0000    47.00    90.22     0.00
  NGC6015            19.320   164.00     5.70     77.895     84.354    1.0000    46.67    88.20     0.00
  NGC6015            20.180   165.00     7.00     76.572     82.625    1.0000    46.56    85.97     0.00
  NGC6015            21.040   166.00     6.30     75.155     80.744    1.0000    46.12    83.92     0.00
  NGC6015            21.890   163.00     7.00     73.752     76.898    1.0000    45.56    82.02     0.00
  NGC6015            22.630   159.00     8.50     72.761     72.984    1.0000    45.34    80.48     0.00
  NGC6015            23.480   155.00     9.10     71.709     68.897    1.0000    45.12    78.82     0.00
  NGC6015            24.340   154.00     8.00     70.570     66.159    1.0000    44.68    77.25     0.00
  NGC6015            25.190   149.00     5.40     69.703     61.801    1.0000    44.57    75.79     0.00
  NGC6015            25.930   153.00     3.10     70.349     59.498    0.9362    46.56    74.58     0.00
  NGC6015            26.780   156.00     3.00     67.067     54.048    0.7985    42.58    73.28     0.00
  NGC6015            27.640   151.00     9.40     65.197     45.966    0.6567    40.70    72.03     0.00
  NGC6015            28.370   158.00     7.70     63.749     41.476    0.5100    39.26    71.03     0.00
  NGC6015            29.230   152.00     3.40     62.493     34.389    0.3939    38.26    69.88     0.00
  NGC6195             1.330   175.00    13.60    201.658    114.334    0.6767     0.00    53.18   236.80
  NGC6195             2.340   237.00     3.65    224.438    162.757    0.7530     0.00    84.90   258.48
  NGC6195             3.330   247.00     3.81    230.201    178.269    0.8429     0.00   110.89   258.69
  NGC6195             4.340   242.00     3.56    233.513    182.159    0.9334     0.00   133.39   255.32
  NGC6195             5.350   240.00     4.20    233.758    185.084    1.0000     0.11   152.34   247.96
  NGC6195             6.340   233.00     4.59    235.581    177.935    1.0000     0.00   168.35   242.98
  NGC6195             7.340   233.00     4.63    235.767    176.336    1.0000     0.00   182.51   235.83
  NGC6195             8.320   247.00     6.41    233.562    185.266    1.0000     1.96   192.78   226.67
  NGC6195             9.340   248.00     7.64    229.929    184.235    1.0000    15.34   198.80   216.70
  NGC6195            10.380   242.00     9.05    228.197    178.091    1.0000    25.14   207.14   206.98
  NGC6195            11.360   252.00    12.50    226.122    183.811    1.0000    33.65   211.69   198.54
  NGC6195            12.340   245.00     8.72    223.650    177.117    1.0000    41.56   213.57   190.81
  NGC6195            13.320   247.00     4.44    222.944    177.014    1.0000    48.79   217.57   183.83
  NGC6195            14.300   238.00     9.29    223.724    169.129    1.0000    54.63   223.69   177.48
  NGC6195            15.470   249.00     9.98    225.588    175.155    1.0000    60.46   231.69   170.69
  NGC6195            16.350   250.00     6.15    225.581    174.445    1.0000    63.83   234.56   166.06
  NGC6195            17.920   253.00     6.96    224.928    173.938    1.0000    68.08   238.09   158.63
  NGC6195            19.100   258.00    15.40    224.716    175.304    1.0000    69.27   241.54   153.66
  NGC6195            22.520   254.00     6.51    218.127    166.481    1.0000    67.69   240.74   141.52
  NGC6195            26.050   256.00     7.73    204.605    161.134    1.0000    66.40   225.10   131.58
  NGC6195            29.480   255.00     8.50    191.070    153.533    1.0000    63.14   208.87   123.68
  NGC6195            33.000   244.00     5.75    179.963    139.764    1.0000    61.55   195.11   116.89
  NGC6195            36.430   246.00     4.24    173.856    133.446    1.0000    65.91   185.57   111.25
  NGC6503             0.760    77.00    10.00     50.170     45.615    0.6775     4.04    70.72     0.00
  NGC6503             1.520   100.00     5.00     87.427     62.642    0.7741     7.62   123.17     0.00
  NGC6503             2.280   110.00     2.00    101.329     72.477    0.8838     9.72   142.64     0.00
  NGC6503             3.040   118.00     2.00     95.857     80.987    1.0000    12.42   134.42     0.00
  NGC6503             3.790   121.00     2.00     87.273     81.098    1.0000    13.35   121.97     0.00
  NGC6503             4.550   121.00     2.00     80.237     79.193    1.0000    14.78   111.53     0.00
  NGC6503             5.310   117.00     2.00     75.075     74.862    1.0000    17.55   103.23     0.00
  NGC6503             6.070   116.00     2.00     70.988     72.645    1.0000    19.20    96.65     0.00
  NGC6503             6.830   116.00     2.00     68.130     71.116    1.0000    20.33    91.96     0.00
  NGC6503             7.590   116.00     2.00     65.634     69.606    1.0000    21.66    87.62     0.00
  NGC6503             8.350   115.00     1.00     63.124     67.532    1.0000    22.79    83.25     0.00
  NGC6503             9.110   115.00     1.00     61.145     66.072    1.0000    23.92    79.58     0.00
  NGC6503             9.860   116.00     1.00     59.724     65.175    1.0000    24.84    76.81     0.00
  NGC6503            10.640   117.00     1.00     58.306     64.149    1.0000    25.46    74.18     0.00
  NGC6503            11.380   117.00     1.00     57.027     62.606    1.0000    26.38    71.50     0.00
  NGC6503            12.120   118.00     1.00     55.971     61.540    1.0000    27.20    69.18     0.00
  NGC6503            12.860   117.00     1.00     55.122     59.392    1.0000    28.13    67.04     0.00
  NGC6503            13.700   116.00     1.00     54.112     57.030    1.0000    28.74    64.84     0.00
  NGC6503            14.440   115.00     1.00     52.990     54.896    1.0000    28.64    63.05     0.00
  NGC6503            15.180   117.00     1.00     51.836     54.109    1.0000    28.33    61.39     0.00
  NGC6503            15.910   116.00     1.00     50.834     51.861    1.0000    28.13    59.88     0.00
  NGC6503            16.650   115.00     2.00     50.108     49.575    1.0000    28.33    58.45     0.00
  NGC6503            17.490   115.00     2.00     49.168     45.995    0.9381    28.23    56.93     0.00
  NGC6503            18.230   115.00     2.00     48.226     41.543    0.8239    27.82    55.71     0.00
  NGC6503            18.970   114.00     2.00     47.198     36.688    0.6986    27.20    54.55     0.00
  NGC6503            19.710   115.00     2.00     46.396     32.521    0.5706    26.90    53.46     0.00
  NGC6503            20.450   114.00     2.00     45.687     28.012    0.4507    26.69    52.44     0.00
  NGC6503            21.290   116.00     2.00     44.946     24.736    0.3528    26.49    51.35     0.00
  NGC6503            22.030   115.00     3.00     44.244     21.334    0.2736    26.18    50.44     0.00
  NGC6503            22.760   118.00     4.00     43.587     19.380    0.2179    25.87    49.61     0.00
  NGC6503            23.500   115.00    10.00     42.877     17.137    0.1813    25.46    48.79     0.00
  NGC6674             2.500   206.00    75.00    167.776    111.388    0.4992     0.00   122.77   171.60
  NGC6674             7.490   285.00     8.00    175.297    173.512    0.6268     0.00   218.15    99.53
  NGC6674            12.540   291.00     7.00    177.584    196.738    0.7883     0.00   234.07    76.92
  NGC6674            17.450   274.00     5.00    165.888    200.954    0.9688     0.00   221.55    65.21
  NGC6674            22.470   266.00     4.00    154.671    192.750    1.0000    23.41   205.25    57.46
  NGC6674            27.480   255.00     2.00    145.693    179.784    1.0000    35.47   190.15    51.96
  NGC6674            32.500   250.00     2.00    136.211    171.638    1.0000    42.22   174.20    47.78
  NGC6674            37.510   242.00     2.00    127.955    161.852    1.0000    45.59   160.68    44.48
  NGC6674            42.420   237.00     2.00    121.920    154.532    1.0000    49.68   149.48    41.82
  NGC6674            47.440   235.00     2.00    116.096    149.222    1.0000    50.91   139.94    39.55
  NGC6674            52.450   236.00     2.00    109.851    145.732    1.0000    48.66   131.98    37.61
  NGC6674            57.470   242.00     2.00    106.386    144.887    1.0000    50.70   125.25    35.93
  NGC6674            62.480   246.00     2.00    102.827    142.193    1.0000    51.01   119.50    34.46
  NGC6674            67.400   242.00     4.00     98.373    134.620    1.0000    48.35   114.62    33.18
  NGC6674            72.410   242.00     5.00     93.798    128.935    1.0000    44.77   110.24    32.01
  NGC6789             0.100    13.90     3.84      6.072      7.192    0.4592     2.80     7.62     0.00
  NGC6789             0.300    29.90     3.92     14.441     16.055    0.4905     7.72    17.26     0.00
  NGC6789             0.510    46.70     4.10     18.200     26.869    0.5591    11.07    20.43     0.00
  NGC6789             0.710    60.40     9.40     19.215     39.083    0.7171    11.87    21.37     0.00
  NGC6946             0.190   153.00     8.00    195.848     78.511    0.5141     0.96    24.40   233.17
  NGC6946             0.560   130.00     9.00    147.798     76.064    0.6636     2.86    62.52   168.53
  NGC6946             0.940   128.00     3.00    131.860     79.847    0.7642     4.50    91.94   137.01
  NGC6946             1.220   134.00     3.00    127.150     87.207    0.8433     5.34   109.48   120.39
  NGC6946             1.590   129.00     4.00    126.481     87.679    0.9510     6.46   127.82   105.47
  NGC6946             1.960   131.00     7.00    126.232     88.845    1.0000     6.51   138.39    94.99
  NGC6946             2.340   138.00     8.00    129.459     92.520    1.0000     6.51   151.17    86.94
  NGC6946             2.710   139.00     5.00    135.941     92.175    1.0000     6.44   166.55    80.79
  NGC6946             2.990   143.00     3.00    136.808     94.063    1.0000     6.38   170.50    76.91
  NGC6946             3.370   146.00     2.00    139.310     94.984    1.0000     7.55   177.07    72.44
  NGC6946             3.740   154.00     2.00    140.533     99.084    1.0000    10.54   180.71    68.77
  NGC6946             4.120   161.00     1.00    141.853    102.331    1.0000    12.86   184.13    65.52
  NGC6946             4.400   167.00     2.00    143.708    105.129    1.0000    13.54   187.91    63.40
  NGC6946             4.770   173.00     2.00    146.480    107.437    1.0000    14.41   193.15    60.89
  NGC6946             5.150   176.00     4.00    149.340    107.700    1.0000    17.51   197.95    58.60
  NGC6946             5.520   178.00     5.00    153.542    107.310    1.0000    20.80   204.45    56.60
  NGC6946             5.890   180.00     3.00    153.753    106.847    1.0000    23.41   204.89    54.80
  NGC6946             6.170   179.00     4.00    151.507    104.987    1.0000    25.15   201.57    53.54
  NGC6946             6.550   180.00     5.00    151.087    103.834    1.0000    27.66   200.86    51.96
  NGC6946             6.920   181.00     4.00    151.750    102.673    1.0000    31.15   201.34    50.55
  NGC6946             7.300   179.00     4.00    150.075     99.761    1.0000    34.05   198.33    49.22
  NGC6946             7.580   179.00     2.00    147.842     98.451    1.0000    34.92   194.96    48.30
  NGC6946             7.950   179.00     1.00    144.501     96.696    1.0000    35.89   189.92    47.17
  NGC6946             8.330   178.00     1.00    141.351     94.343    1.0000    37.34   184.93    46.08
  NGC6946             8.700   177.00     2.00    140.133     92.022    1.0000    38.88   182.77    45.09
  NGC6946             9.080   176.00     2.00    138.976     87.837    1.0000    39.08   181.24    44.13
  NGC6946             9.360   173.00     3.00    137.746     80.635    0.9331    38.40   179.87    43.47
  NGC6946             9.730   172.00     2.00    135.621     75.408    0.8830    37.72   177.19    42.63
  NGC6946            10.100   172.00     2.00    133.736     71.693    0.8589    37.43   174.69    41.85
  NGC6946            10.480   170.00     2.00    131.723     68.398    0.8633    37.14   171.99    41.08
  NGC6946            10.760   171.00     2.00    130.269     67.326    0.8792    36.66   170.15    40.54
  NGC6946            11.130   174.00     2.00    128.180     68.165    0.9308    35.89   167.51    39.86
  NGC6946            11.510   174.00     2.00    126.419     68.468    1.0000    36.08   164.95    39.20
  NGC6946            11.880   175.00     2.00    124.788     67.624    1.0000    36.76   162.35    38.58
  NGC6946            12.260   174.00     2.00    123.328     66.177    1.0000    37.82   159.81    37.98
  NGC6946            12.540   173.00     6.00    122.367     65.144    1.0000    38.79   158.00    37.55
  NGC6946            12.910   173.00     6.00    121.156     64.420    1.0000    40.14   155.62    37.01
  NGC6946            13.290   173.00     8.00    120.137     63.798    1.0000    42.08   153.17    36.48
  NGC6946            13.660   175.00     9.00    119.277     64.047    1.0000    44.01   150.89    35.98
  NGC6946            14.030   174.00     9.00    118.329     63.296    1.0000    45.46   148.68    35.50
  NGC6946            14.310   171.00     9.00    117.659     62.142    1.0000    46.53   147.06    35.16
  NGC6946            14.690   167.00     8.00    115.961     60.454    1.0000    45.94   144.87    34.70
  NGC6946            15.060   165.00     7.00    114.045     59.529    1.0000    44.59   142.80    34.27
  NGC6946            15.440   163.00     8.00    112.476     57.851    1.0000    44.01   140.80    33.84
  NGC6946            15.720   162.00     8.00    111.581     56.424    0.9621    44.20   139.35    33.54
  NGC6946            16.090   161.00     9.00    106.596     54.236    0.8421    33.85   137.46    33.15
  NGC6946            16.470   159.00    10.00    105.308     51.805    0.7215    33.85   135.59    32.77
  NGC6946            16.840   158.00    10.00    104.130     49.831    0.6035    33.85   133.88    32.41
  NGC6946            17.210   157.00    10.00    102.974     47.971    0.4957    33.85   132.20    32.06
  NGC6946            17.500   157.00    10.00    102.075     46.315    0.3966    33.85   130.89    31.79
  NGC6946            17.870   157.00     9.00    100.985     44.316    0.3212    33.85   129.30    31.46
  NGC6946            18.240   160.00    11.00     99.955     43.324    0.2626    33.85   127.80    31.14
  NGC6946            18.620   159.00    12.00     98.927     41.372    0.2192    33.85   126.30    30.82
  NGC6946            18.900   160.00    14.00     98.175     40.054    0.1862    33.85   125.20    30.59
  NGC6946            19.270   158.00    16.00     97.296     36.840    0.1643    33.85   123.92    30.30
  NGC6946            19.650   155.00    18.00     96.486     33.642    0.1492    33.85   122.75    30.00
  NGC6946            20.020   157.00    19.00     95.364     31.211    0.1389    33.85   121.08    29.72
  NGC6946            20.400   154.00    21.00     94.301     28.119    0.1322    33.85   119.50    29.44
  NGC7331             2.670   221.00    20.00    251.979    147.842    1.0000   -12.02   317.90   136.84
  NGC7331             3.210   237.00    13.00    264.435    156.939    1.0000   -12.52   344.05   124.77
  NGC7331             3.740   249.00     8.00    275.665    162.406    1.0000   -12.91   365.51   115.63
  NGC7331             4.270   250.00     5.00    275.820    160.583    1.0000   -12.71   368.89   108.22
  NGC7331             4.810   253.00     5.00    273.444    160.034    1.0000   -11.52   367.77   101.96
  NGC7331             5.350   257.00     5.00    274.513    160.070    1.0000    -9.56   371.23    96.68
  NGC7331             5.880   257.00     5.00    269.341    157.647    1.0000    -6.26   365.05    92.22
  NGC7331             6.410   257.00     5.00    265.180    155.273    1.0000     4.80   360.10    88.33
  NGC7331             7.480   257.00     5.00    254.023    150.571    1.0000    12.22   345.54    81.76
  NGC7331             8.550   255.00     5.00    238.605    144.844    1.0000    16.59   324.23    76.48
  NGC7331             9.620   248.00     6.00    229.333    136.617    1.0000    22.45   311.29    72.10
  NGC7331            10.660   247.00     6.00    221.491    132.091    1.0000    28.21   299.93    68.49
  NGC7331            11.740   246.00     6.00    213.958    127.459    1.0000    33.77   288.64    65.26
  NGC7331            12.830   244.00     6.00    208.716    122.326    1.0000    38.94   280.42    62.43
  NGC7331            13.910   242.00     4.00    203.518    117.302    1.0000    43.31   272.13    59.96
  NGC7331            15.000   238.00     3.00    197.969    111.391    1.0000    45.59   263.74    57.74
  NGC7331            16.080   236.00     3.00    193.139    106.043    1.0000    47.38   256.44    55.77
  NGC7331            17.070   233.00     3.00    189.689     97.588    0.9559    49.66   250.86    54.12
  NGC7331            18.150   234.00     3.00    187.265     89.569    0.8257    53.93   245.89    52.49
  NGC7331            19.240   236.00     3.00    185.558     82.203    0.6941    57.71   242.00    50.98
  NGC7331            20.320   237.00     3.00    183.208     75.146    0.5675    60.09   237.62    49.61
  NGC7331            21.410   238.00     3.00    179.294     69.030    0.4548    61.78   231.06    48.33
  NGC7331            22.490   240.00     3.00    175.522     64.202    0.3608    63.67   224.49    47.15
  NGC7331            23.480   238.00     3.00    172.517     59.207    0.2858    64.56   219.56    46.15
  NGC7331            24.570   237.00     3.00    168.412     55.527    0.2323    62.97   214.35    45.11
  NGC7331            25.650   236.00     3.00    164.729     52.564    0.1947    61.48   209.72    44.15
  NGC7331            26.740   238.00     3.00    161.430     50.772    0.1691    60.79   205.21    43.24
  NGC7331            27.820   239.00     3.00    158.042     49.139    0.1521    59.40   200.95    42.40
  NGC7331            28.910   239.00     3.00    154.500     47.549    0.1409    57.31   196.85    41.59
  NGC7331            29.890   241.00     4.00    151.329     46.503    0.1334    55.13   193.34    40.90
  NGC7331            30.980   236.00     4.00    148.006     44.229    0.1287    52.84   189.65    40.18
  NGC7331            32.060   236.00     5.00    145.204     42.978    0.1258    51.55   186.20    39.49
  NGC7331            33.150   239.00     5.00    142.889     42.258    0.1240    51.35   182.89    38.84
  NGC7331            34.230   237.00     5.00    140.669     40.660    0.1229    50.86   179.88    38.22
  NGC7331            35.320   241.00     7.00    138.315     40.036    0.1224    49.27   177.27    37.63
  NGC7331            36.310   238.00     9.00    135.517     38.154    0.1221    47.97   173.78    37.11
  NGC7793             0.110     9.10     8.50     19.265      3.255    0.2165     0.65    27.23     0.00
  NGC7793             0.140    17.60     7.40     21.160      6.364    0.2212     0.65    29.91     0.00
  NGC7793             0.170    19.30     7.40     22.863      7.130    0.2307     0.65    32.32     0.00
  NGC7793             0.210    24.80     6.40     25.196      9.448    0.2451     0.65    35.62     0.00
  NGC7793             0.240    30.00     7.20     26.866     11.875    0.2644     0.74    37.98     0.00
  NGC7793             0.280    35.00     7.30     28.772     14.489    0.2887     0.90    40.67     0.00
  NGC7793             0.320    38.30     7.60     30.565     16.651    0.3180     1.05    43.20     0.00
  NGC7793             0.350    42.70     8.80     31.871     19.534    0.3517     1.21    45.04     0.00
  NGC7793             0.390    47.00     5.30     33.495     22.660    0.3901     1.36    47.33     0.00
  NGC7793             0.420    49.80     5.60     34.604     25.278    0.4320     1.52    48.89     0.00
  NGC7793             0.460    52.20     6.20     36.101     27.879    0.4778     1.67    51.00     0.00
  NGC7793             0.490    53.40     6.30     37.239     29.922    0.5256     1.83    52.60     0.00
  NGC7793             0.530    54.60     5.90     38.801     32.051    0.5767     1.99    54.80     0.00
  NGC7793             0.560    55.50     6.90     39.817     34.016    0.6287     2.12    56.23     0.00
  NGC7793             0.600    55.90     7.50     40.769     35.720    0.6837     2.23    57.57     0.00
  NGC7793             0.630    58.30     7.40     41.454     38.721    0.7390     2.35    58.53     0.00
  NGC7793             0.660    59.30     6.30     42.209     40.862    0.7961     2.47    59.59     0.00
  NGC7793             0.700    59.50     6.70     43.268     42.511    0.8571     2.59    61.08     0.00
  NGC7793             0.870    59.10     5.10     46.841     44.298    0.9503     3.18    66.09     0.00
  NGC7793             1.050    62.60     5.50     49.409     47.922    1.0000     3.96    69.65     0.00
  NGC7793             1.220    65.60     4.80     51.447     50.002    1.0000     5.50    72.34     0.00
  NGC7793             1.400    70.70     4.60     53.815     53.638    1.0000     7.05    75.45     0.00
  NGC7793             1.570    73.90     4.00     56.475     55.808    1.0000     8.58    78.94     0.00
  NGC7793             1.750    78.50     4.20     59.349     58.982    1.0000    10.09    82.71     0.00
  NGC7793             1.920    82.40     4.60     62.975     61.598    1.0000    11.55    87.55     0.00
  NGC7793             2.100    87.10     4.90     66.615     64.738    1.0000    13.06    92.38     0.00
  NGC7793             2.270    89.60     5.40     69.445     66.216    1.0000    14.78    95.96     0.00
  NGC7793             2.450    94.90     5.70     70.145     69.680    1.0000    16.40    96.45     0.00
  NGC7793             2.620    98.10     5.00     70.248     71.556    1.0000    18.13    95.98     0.00
  NGC7793             2.790    99.30     5.70     71.006     71.935    1.0000    20.29    96.23     0.00
  NGC7793             2.970    98.60     7.20     71.894     70.908    1.0000    22.34    96.64     0.00
  NGC7793             3.160   101.00     8.70     72.468     72.066    1.0000    24.50    96.45     0.00
  NGC7793             3.330   103.00     9.40     72.447     72.952    1.0000    26.22    95.51     0.00
  NGC7793             3.510   107.00     9.10     72.353     75.154    1.0000    27.95    94.38     0.00
  NGC7793             3.680   114.00     7.40     72.342     79.360    1.0000    29.68    93.30     0.00
  NGC7793             3.850   112.00     8.10     71.726     77.226    1.0000    29.78    92.28     0.00
  NGC7793             4.030   114.00     7.60     71.093     77.791    1.0000    30.00    91.15     0.00
  NGC7793             4.200   116.00     7.20     70.288     78.329    1.0000    30.11    89.82     0.00
  NGC7793             4.380   114.00     7.80     69.479     76.095    1.0000    30.65    88.18     0.00
  NGC7793             4.730   114.00    11.40     68.337     74.339    1.0000    31.83    85.52     0.00
  NGC7793             5.250   109.00     9.90     67.135     68.517    1.0000    33.35    82.40     0.00
  NGC7793             5.780   107.00    12.60     64.867     64.635    1.0000    34.64    77.56     0.00
  NGC7793             6.300   105.00    12.50     62.914     60.755    1.0000    34.75    74.17     0.00
  NGC7793             6.820   101.00     5.20     61.180     55.764    1.0000    33.99    71.94     0.00
  NGC7793             7.350    94.50     4.60     58.788     49.635    1.0000    32.70    69.09     0.00
  NGC7793             7.870    90.80     6.10     56.553     45.329    1.0000    30.97    66.92     0.00
  NGC7814             0.630   265.00    15.00    290.191    135.818    0.4719    -0.69    39.69   345.22
  NGC7814             1.720   250.00    15.00    256.715    151.436    0.6454    -2.33    81.63   298.99
  NGC7814             2.790   233.00     7.29    226.012    154.272    0.7879    -3.94   104.82   255.24
  NGC7814             3.910   230.00     6.45    206.352    162.423    0.9311    -5.06   118.95   225.30
  NGC7814             5.030   228.00     5.37    191.077    162.919    1.0000    -3.48   122.96   203.41
  NGC7814             6.140   228.00     5.16    177.463    158.895    1.0000     1.40   120.03   186.27
  NGC7814             7.260   227.00     5.94    165.775    154.233    1.0000    -1.38   115.88   172.25
  NGC7814             8.370   226.00     3.00    156.790    149.668    1.0000     5.96   113.50   160.83
  NGC7814             9.500   223.00     3.92    148.858    143.790    1.0000    11.22   109.97   151.12
  NGC7814            10.650   219.00     2.90    141.944    137.355    1.0000    16.09   105.99   142.79
  NGC7814            11.740   216.00     2.55    136.028    131.883    1.0000    18.57   102.02   136.04
  NGC7814            12.820   214.00     2.55    130.440    127.107    1.0000    19.07    97.84   130.19
  NGC7814            14.010   214.00     3.07    124.591    123.075    1.0000    17.78    93.27   124.54
  NGC7814            15.090   214.00     3.61    120.362    119.245    1.0000    20.16    89.43   120.01
  NGC7814            16.180   214.00     4.46    116.762    115.179    1.0000    23.24    85.93   115.89
  NGC7814            17.360   214.00     5.07    112.752    110.504    1.0000    23.44    82.48   111.88
  NGC7814            18.440   214.00     4.78    109.392    105.924    1.0000    23.34    79.67   108.55
  NGC7814            19.530   214.00     4.87    106.272    100.947    1.0000    22.64    77.35   105.49
  PGC51017            0.330    20.50     4.17      9.150      7.582    0.2958     5.04    10.80     0.00
  PGC51017            0.990    19.90     1.82     17.710      8.786    0.3826    10.80    19.85     0.00
  PGC51017            1.650    19.30     1.69     18.812      9.554    0.4663    12.30    20.13     0.00
  PGC51017            2.310    18.80     1.90     18.101     10.291    0.5675    12.70    18.24     0.00
  PGC51017            2.970    18.20     1.74     17.558     10.996    0.7054    13.30    16.21     0.00
  PGC51017            3.630    18.30     2.22     17.515     12.350    0.9336    14.20    14.50     0.00
  UGC00128            1.250    34.10    18.80     20.859     22.423    0.7230     1.71    29.40     0.00
  UGC00128            3.750    78.40     6.54     35.016     53.260    0.7783     4.27    49.15     0.00
  UGC00128            6.250    96.90     2.44     36.447     68.795    0.8638     7.23    50.52     0.00
  UGC00128            8.760   108.00     1.26     38.190     80.192    0.9671    11.57    51.47     0.00
  UGC00128           11.250   113.00     1.00     40.210     84.137    1.0000    13.37    53.63     0.00
  UGC00128           13.740   114.00     0.86     43.776     83.703    1.0000    16.66    57.25     0.00
  UGC00128           16.220   121.00     0.68     46.941     87.601    1.0000    23.15    57.75     0.00
  UGC00128           18.710   126.00     0.55     49.448     89.846    1.0000    30.33    55.23     0.00
  UGC00128           21.300   128.00     0.63     51.430     89.768    1.0000    35.52    52.60     0.00
  UGC00128           23.790   129.00     0.61     53.265     88.989    1.0000    39.51    50.52     0.00
  UGC00128           26.280   129.00     0.65     53.889     87.491    1.0000    42.00    47.75     0.00
  UGC00128           28.770   131.00     0.73     55.394     87.287    1.0000    44.90    45.88     0.00
  UGC00128           31.250   131.00     0.83     54.758     85.679    1.0000    45.10    43.92     0.00
  UGC00128           33.740   131.00     0.75     52.299     84.024    1.0000    43.00    42.10     0.00
  UGC00128           36.230   127.00     1.24     51.055     79.856    1.0000    42.30    40.43     0.00
  UGC00128           38.820   126.00     1.40     50.514     77.590    1.0000    42.40    38.83     0.00
  UGC00128           41.310   130.00     1.62     49.390     78.334    1.0000    41.70    37.43     0.00
  UGC00128           43.800   132.00     2.01     47.659     77.633    1.0000    40.21    36.18     0.00
  UGC00128           46.280   134.00     2.10     46.037     76.723    1.0000    38.81    35.02     0.00
  UGC00128           48.770   129.00     2.66     44.206     71.775    1.0000    37.11    33.97     0.00
  UGC00128           51.260   132.00     4.67     42.682     71.218    1.0000    35.72    33.04     0.00
  UGC00128           53.750   125.00     5.95     41.481     65.266    1.0000    34.72    32.10     0.00
  UGC00191            0.620    29.90     1.42     15.521     15.589    0.5431     1.81    21.80     0.00
  UGC00191            0.870    34.40     2.31     20.262     18.020    0.5487     2.95    28.35     0.00
  UGC00191            1.120    46.30     2.05     22.939     24.301    0.5515     4.13    31.91     0.00
  UGC00191            1.370    49.80     1.87     24.821     26.104    0.5508     5.34    34.28     0.00
  UGC00191            1.620    57.60     2.76     26.017     30.006    0.5448     6.60    35.59     0.00
  UGC00191            2.300    71.30     7.50     29.821     37.797    0.5671    10.14    39.66     0.00
  UGC00191            4.970    76.65     1.09     37.919     47.682    0.8308    23.98    41.54     0.00
  UGC00191            7.450    81.00     0.63     42.189     51.578    1.0000    33.08    37.03     0.00
  UGC00191            9.980    83.85     1.04     40.585     47.619    1.0000    33.72    31.94     0.00
  UGC00634            4.510    69.75     4.15     36.411     32.961    0.3996    19.36    43.61     0.00
  UGC00634            9.010    97.70     1.63     44.029     50.487    0.4654    33.73    40.02     0.00
  UGC00634           13.510   108.00     0.99     45.837     62.545    0.5765    39.28    33.41     0.00
  UGC00634           18.010   107.50     2.32     41.417     71.313    0.7719    36.27    28.28     0.00
  UGC00731            0.910    29.60     2.38      5.587     20.788    0.8864     0.80     7.82     0.00
  UGC00731            1.810    44.60     2.40      9.816     32.753    0.9958     5.58    11.42     0.00
  UGC00731            2.730    50.40     2.86     11.676     36.437    1.0000     7.79    12.30     0.00
  UGC00731            3.640    56.80     3.43     17.009     40.312    1.0000    14.00    13.66     0.00
  UGC00731            4.550    60.70     2.98     19.089     42.220    1.0000    16.12    14.46     0.00
  UGC00731            5.450    64.70     2.46     21.076     44.032    1.0000    18.25    14.91     0.00
  UGC00731            6.360    68.00     2.38     25.521     45.152    1.0000    23.38    14.47     0.00
  UGC00731            7.280    71.50     2.52     31.766     46.144    1.0000    30.00    14.77     0.00
  UGC00731            8.190    73.40     2.68     35.201     45.860    1.0000    33.62    14.75     0.00
  UGC00731            9.090    74.00     2.83     36.193     44.589    1.0000    34.88    13.66     0.00
  UGC00731           10.000    73.80     3.22     37.185     42.677    1.0000    36.00    13.17     0.00
  UGC00731           10.910    73.90     3.42     36.883     40.786    1.0000    35.75    12.83     0.00
  UGC00891            1.480    24.35     2.92     16.320     11.906    0.4416     9.70    18.56     0.00
  UGC00891            2.970    43.55     1.40     23.063     22.274    0.4795    18.44    19.59     0.00
  UGC00891            4.450    54.15     0.67     26.573     29.627    0.5463    22.96    18.92     0.00
  UGC00891            5.940    60.15     0.48     25.334     35.879    0.6554    21.83    18.18     0.00
  UGC00891            7.390    63.75     0.95     24.051     42.358    0.8468    21.02    16.53     0.00
  UGC01230            0.780    19.80    10.70     15.185     11.938    0.6129     2.90    21.08     0.00
  UGC01230            2.350    55.40    10.70     29.955     33.828    0.6294     8.06    40.80     0.00
  UGC01230            3.910    88.50    10.70     34.817     55.382    0.6634    12.62    45.89     0.00
  UGC01230            5.480   105.00    10.70     39.799     67.845    0.7130    16.73    51.07     0.00
  UGC01230            7.030   106.00    10.70     42.736     70.341    0.7609    20.63    52.93     0.00
  UGC01230            8.600   103.00    10.70     44.647     69.370    0.7945    24.32    52.95     0.00
  UGC01230           13.270   109.00    15.80     48.932     79.948    1.0000    34.07    49.67     0.00
  UGC01230           14.850   113.00    14.70     50.370     81.712    1.0000    36.74    48.73     0.00
  UGC01230           25.800   105.00    10.40     53.872     68.003    1.0000    46.59    38.25     0.00
  UGC01230           32.010   103.00    10.00     49.804     62.063    1.0000    43.71    33.76     0.00
  UGC01230           36.540   103.00    10.00     45.340     58.276    1.0000    39.61    31.20     0.00
  UGC01281            0.080     1.41     4.00      0.000      0.725    0.5154    -5.85     1.50     0.00
  UGC01281            0.230     4.46     4.00      0.000      2.340    0.5364    -5.85     3.55     0.00
  UGC01281            0.380     7.71     4.00      3.625      4.201    0.5784    -0.98     5.31     0.00
  UGC01281            0.540    11.00     4.00      5.372      6.310    0.6415    -2.22     8.22     0.00
  UGC01281            0.690    14.20     4.00      6.339      8.652    0.7245    -3.47    10.22     0.00
  UGC01281            0.840    17.20     5.78      7.295     11.181    0.8264    -4.43    12.07     0.00
  UGC01281            1.000    20.20     4.74      8.380     14.030    0.9469    -5.15    13.91     0.00
  UGC01281            1.150    23.20     4.00      9.193     16.517    1.0000    -5.85    15.41     0.00
  UGC01281            1.300    26.40     7.13     11.705     18.737    1.0000    -1.76    16.74     0.00
  UGC01281            1.460    29.30     4.38     12.842     20.716    1.0000     2.33    17.86     0.00
  UGC01281            1.610    31.60     4.94     14.352     22.254    1.0000     5.46    18.77     0.00
  UGC01281            1.760    34.60     4.00     15.549     24.260    1.0000     7.63    19.16     0.00
  UGC01281            1.920    37.40     7.09     16.922     26.085    1.0000     9.79    19.52     0.00
  UGC01281            2.070    39.90     4.00     17.890     27.676    1.0000    11.26    19.66     0.00
  UGC01281            2.220    42.20     4.37     18.928     29.096    1.0000    12.73    19.81     0.00
  UGC01281            2.380    44.40     4.58     19.769     30.400    1.0000    13.90    19.88     0.00
  UGC01281            2.530    46.70     5.91     20.394     31.747    1.0000    14.68    20.02     0.00
  UGC01281            2.680    48.50     7.72     20.946     32.716    1.0000    15.47    19.97     0.00
  UGC01281            2.760    49.30     9.73     21.137     33.111    1.0000    15.76    19.92     0.00
  UGC01281            3.070    53.00     4.00     21.814     34.937    1.0000    16.84    19.61     0.00
  UGC01281            3.460    54.10     4.00     22.820     34.722    1.0000    18.30    19.28     0.00
  UGC01281            3.830    55.00     4.00     22.843     34.329    1.0000    18.50    18.95     0.00
  UGC01281            4.230    55.70     4.00     22.438     33.619    1.0000    18.21    18.54     0.00
  UGC01281            4.620    56.40     4.00     23.481     32.806    1.0000    19.58    18.33     0.00
  UGC01281            4.990    56.90     4.00     24.182     31.796    1.0000    20.46    18.23     0.00
  UGC02023            0.760    15.10     8.69     12.423      7.927    0.5052     0.58    17.55     0.00
  UGC02023            1.510    28.00     8.69     23.704     15.090    0.5318    10.02    30.38     0.00
  UGC02023            2.270    37.60     8.69     28.434     21.117    0.5781    14.00    35.00     0.00
  UGC02023            3.030    47.90     8.69     29.995     28.551    0.6574    14.92    36.80     0.00
  UGC02023            3.780    58.80     8.69     32.364     38.537    0.8250    19.48    36.55     0.00
  UGC02259            1.020    56.10     3.40     17.846     31.694    0.5539     4.05    24.58     0.00
  UGC02259            2.040    71.10     3.00     26.718     43.093    0.6388     7.98    36.06     0.00
  UGC02259            3.050    80.70     1.50     31.991     52.468    0.7464    14.47    40.35     0.00
  UGC02259            4.070    82.80     1.50     35.419     57.901    0.8916    19.07    42.21     0.00
  UGC02259            5.090    83.70     1.50     35.393     60.479    1.0000    21.90    39.32     0.00
  UGC02259            6.110    86.00     1.50     36.394     60.287    1.0000    24.60    37.93     0.00
  UGC02259            7.130    88.30     2.30     36.920     59.783    1.0000    26.68    36.09     0.00
  UGC02259            8.140    90.00     3.00     34.981     58.501    1.0000    25.72    33.53     0.00
  UGC02455            0.500    16.90     3.64     29.173     11.348    0.8256     2.10    41.15     0.00
  UGC02455            1.000    23.90     3.64     46.076     16.516    0.8873     6.14    64.58     0.00
  UGC02455            1.510    28.20     3.64     56.238     20.042    0.9566    11.02    77.99     0.00
  UGC02455            2.010    33.00     3.64     56.107     23.704    1.0000    15.45    76.28     0.00
  UGC02455            2.520    39.10     3.64     56.569     27.673    1.0000    19.59    75.05     0.00
  UGC02455            3.020    43.80     3.64     57.144     30.450    1.0000    23.74    73.51     0.00
  UGC02455            3.520    53.10     3.64     56.179     36.028    1.0000    27.22    69.50     0.00
  UGC02455            4.030    61.00     3.64     54.904     39.889    1.0000    29.76    65.25     0.00
  UGC02487            9.930   377.00    10.30    250.663    220.349    0.6376   -13.26   255.96   207.88
  UGC02487           10.050   377.00    19.70    250.856    219.505    0.6330   -13.37   257.66   206.72
  UGC02487           10.350   378.00    10.80    251.557    218.610    0.6251   -13.47   261.62   204.38
  UGC02487           15.070   367.00    10.70    240.553    226.515    0.7258   -11.85   272.35   172.87
  UGC02487           20.090   364.00     6.67    229.516    236.708    0.8316    13.97   269.96   151.39
  UGC02487           25.120   375.00     6.19    218.777    254.829    0.9498    27.34   262.34   134.72
  UGC02487           30.140   383.00     3.82    209.542    259.375    1.0000    34.12   253.37   123.32
  UGC02487           35.170   378.00     2.21    195.228    247.747    1.0000    36.15   235.34   114.11
  UGC02487           40.190   364.00     4.00    182.477    230.734    1.0000    36.15   219.18   106.71
  UGC02487           45.210   349.00     3.00    172.266    213.982    1.0000    35.84   206.41   100.63
  UGC02487           50.240   338.00     3.08    163.259    200.430    1.0000    37.87   194.11    95.47
  UGC02487           55.260   332.00     2.19    155.947    190.244    1.0000    41.62   183.23    91.03
  UGC02487           60.280   330.00     1.61    150.371    182.356    1.0000    44.55   174.98    87.16
  UGC02487           65.310   329.00     2.20    144.441    174.757    1.0000    46.17   166.27    83.74
  UGC02487           70.330   330.00     3.53    139.232    167.781    1.0000    46.48   159.17    80.69
  UGC02487           75.350   332.00    13.40    134.034    160.603    1.0000    44.86   152.96    77.96
  UGC02487           80.380   333.00    15.30    129.068    152.040    1.0000    42.32   147.51    75.48
  UGC02885            1.700   305.00    10.00    231.798    155.246    0.4710     0.00    92.31   265.84
  UGC02885            3.410   257.00    10.00    225.375    141.215    0.5426     0.00   152.76   236.42
  UGC02885            6.820   256.00    10.00    214.361    151.779    0.6327     0.00   220.93   175.44
  UGC02885           13.670   271.00    10.00    201.826    179.025    0.8070     0.00   244.90   123.90
  UGC02885           19.490   282.00    10.00    190.952    201.219    0.9841     0.00   240.52   103.77
  UGC02885           23.360   287.00    10.00    188.790    202.619    1.0000    28.79   238.85    94.78
  UGC02885           27.240   283.00    10.00    184.787    196.077    1.0000    40.20   232.97    87.77
  UGC02885           31.220   280.00    10.00    178.208    190.398    1.0000    45.05   223.71    81.99
  UGC02885           35.100   280.00    10.00    172.544    186.971    1.0000    50.30   214.74    77.32
  UGC02885           38.970   281.00    10.00    169.557    184.212    1.0000    59.70   206.96    73.38
  UGC02885           42.850   282.00    10.00    166.369    181.382    1.0000    67.17   198.69    69.98
  UGC02885           46.730   287.00    10.00    158.901    180.933    1.0000    65.05   189.07    67.02
  UGC02885           50.710   292.00    10.00    157.930    180.044    1.0000    71.21   184.25    64.33
  UGC02885           54.580   298.00    10.00    158.860    179.456    1.0000    79.19   180.41    62.01
  UGC02885           58.460   298.00    10.00    157.289    174.899    1.0000    83.33   174.83    59.92
  UGC02885           62.340   298.00    10.00    153.049    170.137    1.0000    83.33   168.07    58.02
  UGC02885           66.210   298.00    10.00    149.426    165.146    1.0000    82.83   162.78    56.30
  UGC02885           70.190   298.00    10.00    148.235    159.717    1.0000    85.86   158.17    54.68
  UGC02885           74.070   298.00    10.00    145.341    154.085    1.0000    86.26   152.97    53.23
  UGC02916            0.370   183.00    47.60    103.673    103.023    0.5331    -2.62    11.20   123.59
  UGC02916            0.740   196.00    40.70    160.805    116.485    0.5923    -3.79    21.14   191.42
  UGC02916            1.110   205.00    14.10    184.284    126.920    0.6432    -4.87    30.05   218.87
  UGC02916            1.480   211.00     7.89    202.555    135.379    0.6921    -5.72    38.06   240.05
  UGC02916            1.840   214.00     1.48    218.736    141.704    0.7388    -6.31    45.23   258.74
  UGC02916            2.210   214.00     1.50    231.781    145.926    0.7853    -6.65    51.92   273.65
  UGC02916            2.600   213.00     2.64    237.949    149.309    0.8319    -6.69    58.41   280.20
  UGC02916            2.960   211.00     4.50    234.647    151.258    0.8703    -6.41    63.99   275.30
  UGC02916            3.170   210.00     8.68    234.776    152.108    0.8825    -6.08    66.97   274.94
  UGC02916            3.330   209.00     3.00    233.677    152.144    0.8814    -5.72    69.15   273.20
  UGC02916            3.700   207.00     1.60    230.679    152.881    0.9010    -4.34    74.09   268.56
  UGC02916            4.070   206.00     1.73    226.807    152.670    0.9116     0.84    78.64   262.81
  UGC02916            4.440   205.00     3.45    222.079    151.398    0.9119     5.14    83.02   255.92
  UGC02916            4.810   205.00     2.77    216.946    150.528    0.9017     7.67    87.31   248.41
  UGC02916            5.180   206.00     7.48    211.814    150.122    0.8816     9.90    90.63   241.01
  UGC02916            5.550   207.00     5.02    206.378    149.468    0.8523    12.08    91.17   233.88
  UGC02916            5.920   208.00     7.70    201.355    148.584    0.8150    14.21    91.98   227.13
  UGC02916            6.280   210.00     1.95    197.034    148.195    0.7704    16.44    93.75   220.90
  UGC02916            6.340   210.00     4.78    196.393    145.711    0.6973    16.75    94.14   219.93
  UGC02916            6.650   212.00     1.96    193.223    144.468    0.6445    18.67    96.53   214.90
  UGC02916            7.030   214.00     0.76    189.713    142.948    0.5971    20.80    99.17   209.22
  UGC02916            7.390   215.00     2.22    186.660    140.255    0.5511    22.73   101.39   204.19
  UGC02916            7.770   216.00     1.76    183.585    137.233    0.5114    24.56   103.08   199.24
  UGC02916            8.140   217.00     1.53    181.036    133.943    0.4788    26.28   105.18   194.76
  UGC02916            8.510   218.00     7.70    178.523    130.539    0.4560    27.91   106.86   190.42
  UGC02916            8.880   218.00     6.86    176.102    126.657    0.4444    29.33   108.20   186.31
  UGC02916            9.250   218.00     8.37    174.099    123.135    0.4448    30.55   109.65   182.70
  UGC02916            9.520   218.00     3.93    172.555    119.982    0.4544    31.16   110.49   180.08
  UGC02916            9.620   218.00     4.05    171.998    117.043    0.4704    31.36   110.78   179.14
  UGC02916            9.990   217.00    20.20    170.037    115.401    0.5031    32.17   111.77   175.79
  UGC02916           10.400   217.00     4.20    167.952    115.243    0.5436    33.08   112.69   172.23
  UGC02916           10.710   216.00     3.16    166.626    114.874    0.5843    34.00   113.45   169.76
  UGC02916           11.120   215.00     6.72    164.836    115.205    0.6269    35.01   114.16   166.60
  UGC02916           12.670   212.00     1.82    159.281    117.930    0.7059    39.99   115.88   156.10
  UGC02916           12.980   211.00    16.60    158.365    117.759    0.7317    41.00   116.15   154.24
  UGC02916           15.860   209.00     8.38    151.935    123.797    0.8558    52.47   115.82   139.51
  UGC02916           19.050   215.00    13.20    148.572    135.204    1.0000    66.17   112.66   127.33
  UGC02916           22.140   215.00    13.90    146.428    140.042    1.0000    76.32   108.18   118.11
  UGC02916           25.340   210.00    10.60    142.051    134.800    1.0000    79.67   102.95   110.40
  UGC02916           28.530   196.00    12.80    135.968    120.493    1.0000    78.35    97.69   104.04
  UGC02916           31.720   185.00    11.50    129.079    108.893    1.0000    74.49    92.71    98.67
  UGC02916           34.910   182.00    10.80    124.039    102.321    1.0000    72.76    88.30    94.06
  UGC02916           38.000   181.00    10.30    119.566     96.801    1.0000    70.63    85.07    90.15
  UGC02953            0.090   231.00    52.90     67.887     76.859    0.1831    -0.75    12.18    80.49
  UGC02953            0.170   231.00    27.90    130.165     78.504    0.1862    -0.90    23.29   154.33
  UGC02953            0.260   231.00    16.40    172.307     80.113    0.1905    -0.97    35.20   203.79
  UGC02953            0.340   231.00    11.90    190.648     81.770    0.1961    -1.00    45.31   224.63
  UGC02953            0.430   232.00     8.04    201.870     84.110    0.2036    -1.04    56.16   236.57
  UGC02953            0.510   232.00     6.53    208.641     86.322    0.2127    -1.11    65.37   243.18
  UGC02953            0.600   232.00     4.75    214.941     88.891    0.2239    -1.21    75.35   248.89
  UGC02953            0.690   232.00     4.00    219.719     91.760    0.2371    -1.34    84.97   252.61
  UGC02953            0.770   233.00     5.69    223.292     95.283    0.2524    -1.48    93.17   255.01
  UGC02953            0.860   233.00     4.83    226.321     98.734    0.2700    -1.64   102.03   256.40
  UGC02953            0.950   234.00    10.80    228.907    102.871    0.2899    -1.82   110.51   257.17
  UGC02953            1.030   235.00    10.30    231.661    107.213    0.3119    -2.00   117.74   258.40
  UGC02953            1.110   235.00    10.60    233.763    111.291    0.3361    -2.17   124.74   258.76
  UGC02953            1.200   236.00    10.20    236.418    116.045    0.3627    -2.35   132.45   259.47
  UGC02953            1.290   237.00    10.60    238.769    120.931    0.3914    -2.54   139.94   259.74
  UGC02953            1.380   238.00    14.20    240.713    125.907    0.4221    -2.73   147.10   259.48
  UGC02953            1.460   238.00    14.10    241.994    130.332    0.4541    -2.94   153.23   258.65
  UGC02953            1.550   239.00    19.60    243.003    135.350    0.4879    -3.15   159.87   257.13
  UGC02953            1.630   240.00    17.80    243.604    140.290    0.5226    -3.37   165.58   255.36
  UGC02953            1.720   241.00     7.14    243.962    145.239    0.5584    -3.59   171.83   252.89
  UGC02953            1.800   242.00    11.90    244.106    150.052    0.5945    -3.81   177.21   250.43
  UGC02953            1.890   243.00    10.90    244.052    154.830    0.6311    -4.02   183.03   247.35
  UGC02953            1.980   244.00    17.60    243.851    159.496    0.6677    -4.24   188.55   244.09
  UGC02953            2.070   246.00    11.40    243.575    164.704    0.7038    -4.48   193.82   240.73
  UGC02953            2.150   247.00    12.90    243.289    169.052    0.7384    -4.72   198.33   237.68
  UGC02953            2.230   248.00    15.40    242.996    173.245    0.7717    -4.99   202.68   234.62
  UGC02953            2.320   249.00    17.60    242.685    177.342    0.8041    -5.25   207.44   231.17
  UGC02953            2.400   251.00    24.00    242.445    181.921    0.8339    -5.52   211.55   228.14
  UGC02953            2.490   252.00    10.10    242.249    185.681    0.8622    -5.80   216.16   224.74
  UGC02953            2.580   253.00    12.00    242.202    189.255    0.8882    -6.06   220.83   221.41
  UGC02953            2.670   254.00     6.34    242.354    192.642    0.9117    -6.31   225.64   218.17
  UGC02953            2.750   256.00     6.22    242.637    196.540    0.9320    -6.56   230.00   215.36
  UGC02953            2.830   257.00     5.60    243.060    199.507    0.9500    -6.82   234.46   212.60
  UGC02953            2.920   259.00     8.73    243.702    203.178    0.9670    -7.07   239.57   209.57
  UGC02953            3.000   260.00     5.19    244.315    205.853    0.9814    -7.31   243.97   206.96
  UGC02953            3.090   262.00    11.00    245.021    209.267    0.9956    -7.55   248.68   204.14
  UGC02953            3.180   263.00    16.00    245.638    210.757    1.0000    -7.78   252.98   201.42
  UGC02953            3.270   264.00    13.10    246.175    211.856    1.0000    -8.00   256.93   198.78
  UGC02953            3.350   266.00    11.80    246.576    213.674    1.0000    -8.21   260.17   196.48
  UGC02953            3.430   267.00    12.70    246.898    214.603    1.0000    -8.40   263.10   194.27
  UGC02953            4.210   280.00     5.52    247.631    224.381    1.0000    -9.93   282.25   175.61
  UGC02953            4.290   282.00     2.35    247.644    225.932    1.0000   -10.07   283.70   173.97
  UGC02953            4.380   283.00     5.10    247.588    226.654    1.0000   -10.20   285.12   172.20
  UGC02953            4.470   285.00     4.61    247.555    228.161    1.0000   -10.32   286.54   170.45
  UGC02953            4.800   290.00    10.80    247.317    231.696    1.0000   -10.66   290.98   164.51
  UGC02953            5.250   296.00     2.85    247.558    235.824    1.0000   -10.87   296.92   157.31
  UGC02953            5.320   298.00     1.92    247.621    237.274    1.0000   -10.98   297.80   156.27
  UGC02953            5.410   299.00     4.29    247.645    237.912    1.0000   -10.98   298.79   154.97
  UGC02953            5.500   300.00     4.92    247.616    238.556    1.0000   -10.87   299.65   153.70
  UGC02953            5.580   301.00     2.24    247.498    239.192    1.0000   -10.87   300.25   152.59
  UGC02953            5.670   302.00     4.59    247.189    239.838    1.0000   -10.87   300.59   151.39
  UGC02953            5.760   303.00     5.07    247.030    240.499    1.0000   -10.77   301.15   150.21
  UGC02953            6.000   306.00     7.89    246.570    242.459    1.0000   -10.56   302.48   147.17
  UGC02953            6.180   307.00     4.41    246.142    242.957    1.0000   -10.25   303.22   145.01
  UGC02953            6.270   308.00     3.20    245.938    243.635    1.0000   -10.11   303.58   143.96
  UGC02953            6.360   309.00     6.66    245.769    244.285    1.0000    -9.94   303.97   142.94
  UGC02953            6.450   310.00     5.83    245.639    244.923    1.0000    -9.76   304.41   141.93
  UGC02953            6.530   310.00     3.83    245.555    244.811    1.0000    -9.58   304.83   141.06
  UGC02953            6.610   311.00     2.41    245.536    245.468    1.0000    -9.37   305.34   140.20
  UGC02953            6.700   312.00     1.25    245.599    246.114    1.0000    -9.15   306.03   139.26
  UGC02953            6.790   312.00     3.61    245.759    245.955    1.0000    -8.91   306.85   138.35
  UGC02953            6.870   313.00    13.80    245.659    246.602    1.0000    -8.64   307.19   137.53
  UGC02953            6.960   313.00     4.58    245.793    246.466    1.0000    -8.36   307.95   136.63
  UGC02953            7.050   314.00     3.05    245.888    247.131    1.0000    -8.05   308.63   135.75
  UGC02953            7.200   315.00     1.38    245.863    247.659    1.0000    -7.43   309.44   134.31
  UGC02953            7.390   316.00     0.75    245.412    248.084    1.0000    -6.59   309.73   132.58
  UGC02953            7.470   316.00     8.57    245.025    247.951    1.0000    -6.16   309.53   131.86
  UGC02953            7.990   318.00     1.36    242.205    248.484    1.0000    -2.38   307.52   127.53
  UGC02953            8.080   318.00    16.00    241.840    248.316    1.0000    -0.67   307.34   126.82
  UGC02953            8.160   318.00     5.50    241.476    248.176    1.0000     2.00   307.11   126.20
  UGC02953            8.250   319.00     2.94    241.304    248.803    1.0000     2.92   307.22   125.51
  UGC02953            8.340   319.00     1.74    241.128    248.655    1.0000     3.49   307.32   124.83
  UGC02953            8.400   319.00     2.20    240.996    248.501    0.9974     3.85   307.36   124.38
  UGC02953            9.590   319.00     3.23    236.586    246.326    1.0000     7.94   304.71   116.41
  UGC02953           10.800   317.00     4.08    231.377    242.587    1.0000    12.02   299.89   109.70
  UGC02953           12.020   312.00     2.62    229.163    236.657    1.0000    17.77   298.77   103.98
  UGC02953           13.220   308.00     0.76    225.875    231.675    1.0000    22.79   295.36    99.15
  UGC02953           14.420   303.00     1.86    219.592    226.077    1.0000    24.88   287.38    94.93
  UGC02953           15.630   298.00     1.34    210.176    220.599    1.0000    24.46   274.79    91.19
  UGC02953           16.830   296.00     1.41    200.936    217.426    1.0000    24.25   262.23    87.87
  UGC02953           18.030   294.00     1.15    194.599    214.294    1.0000    25.92   253.58    84.90
  UGC02953           19.230   294.00     0.59    188.861    212.606    0.9982    28.33   245.50    82.21
  UGC02953           20.430   294.00     0.50    183.255    210.097    0.9770    31.05   237.34    79.76
  UGC02953           21.640   292.00     1.21    178.026    205.754    0.9591    33.56   229.62    77.50
  UGC02953           22.840   290.00     1.21    173.068    201.422    0.9446    34.91   222.49    75.43
  UGC02953           24.040   287.00     0.81    168.153    196.744    0.9355    34.60   215.84    73.53
  UGC02953           25.240   283.00     1.08    163.267    191.902    0.9326    32.72   209.67    71.76
  UGC02953           26.440   279.00     1.87    158.741    187.773    0.9364    31.05   203.93    70.11
  UGC02953           27.650   276.00     1.55    154.715    185.083    0.9478    30.52   198.57    68.56
  UGC02953           28.850   273.00     1.90    151.032    183.065    0.9657    30.21   193.62    67.12
  UGC02953           30.050   271.00     1.12    147.619    182.314    0.9896    30.00   189.02    65.76
  UGC02953           31.250   270.00     1.41    144.631    181.894    1.0000    30.73   184.73    64.49
  UGC02953           32.340   268.00     1.76    142.205    179.525    1.0000    31.88   181.07    63.39
  UGC02953           33.550   267.00     1.81    139.702    177.680    1.0000    33.03   177.28    62.24
  UGC02953           34.750   266.00     2.18    137.226    175.788    1.0000    33.45   173.75    61.15
  UGC02953           35.950   265.00     3.01    134.762    173.883    1.0000    33.24   170.44    60.13
  UGC02953           37.150   264.00     2.04    132.407    171.989    1.0000    32.93   167.32    59.15
  UGC02953           38.350   264.00     1.58    130.228    170.748    1.0000    32.82   164.38    58.21
  UGC02953           39.560   264.00     3.23    128.232    169.487    1.0000    33.03   161.57    57.32
  UGC02953           40.760   264.00     2.94    126.503    168.226    1.0000    33.76   158.94    56.47
  UGC02953           41.960   264.00     1.62    124.821    166.954    1.0000    34.29   156.44    55.65
  UGC02953           43.160   264.00     2.15    123.088    165.669    1.0000    34.29   154.06    54.87
  UGC02953           44.360   262.00     4.45    121.378    163.136    1.0000    34.08   151.79    54.13
  UGC02953           45.570   260.00     7.43    119.876    160.618    1.0000    34.39   149.61    53.40
  UGC02953           46.770   258.00     7.22    118.493    158.135    1.0000    34.81   147.54    52.71
  UGC02953           47.970   257.00     5.37    117.056    156.281    1.0000    34.81   145.56    52.05
  UGC02953           49.170   258.00     5.43    115.619    155.630    1.0000    34.60   143.67    51.41
  UGC02953           50.370   260.00     6.47    114.290    155.537    1.0000    34.60   141.84    50.79
  UGC02953           51.580   263.00     5.75    113.027    155.963    1.0000    34.60   140.10    50.20
  UGC02953           52.780   265.00     5.54    111.671    155.735    1.0000    34.18   138.41    49.62
  UGC02953           53.980   266.00     4.43    110.307    154.864    1.0000    33.56   136.79    49.07
  UGC02953           55.180   266.00     4.71    109.037    153.375    1.0000    33.14   135.22    48.53
  UGC02953           57.590   262.00     5.28    106.741    148.092    1.0000    32.72   132.24    47.50
  UGC02953           59.990   263.00     4.70    104.311    145.609    1.0000    31.36   129.47    46.54
  UGC02953           62.390   272.00     5.04    102.164    147.185    1.0000    30.52   126.87    45.64
  UGC03205            0.280   107.00    30.20     77.114     64.138    0.5702    -1.60    13.69    91.46
  UGC03205            0.550   121.00    15.60    121.703     74.278    0.5971    -2.32    26.00   143.82
  UGC03205            0.830   134.00     8.69    138.038     84.263    0.6262    -3.04    37.95   161.88
  UGC03205            1.390   157.00    12.50    149.311    102.592    0.6767    -4.39    60.02   171.18
  UGC03205            1.650   168.00    11.70    153.430    112.538    0.7119    -4.98    69.62   173.79
  UGC03205            3.040   207.00     8.04    154.010    149.743    0.8417    -7.06   115.86   156.10
  UGC03205            3.320   213.00     6.53    152.817    157.708    0.8856    -7.33   124.12   149.78
  UGC03205            3.590   218.00    11.20    152.659    164.540    0.9250    -7.54   132.68   144.22
  UGC03205            3.870   222.00     6.05    153.503    170.103    0.9589    -7.69   142.15   138.97
  UGC03205            4.150   226.00     5.41    156.004    174.871    0.9842    -7.79   153.48   134.27
  UGC03205            4.430   229.00     5.96    158.872    177.947    0.9994    -7.83   164.20   129.95
  UGC03205            4.700   232.00     7.41    161.128    179.718    1.0000    -7.81   172.50   126.18
  UGC03205            4.970   234.00     6.10    162.694    180.324    0.9963    -7.72   178.86   122.67
  UGC03205            5.250   235.00     3.89    164.059    179.232    0.9825    -7.58   184.40   119.35
  UGC03205            5.520   236.00     9.03    166.062    177.516    0.9616    -7.35   190.48   116.43
  UGC03205            5.800   237.00    10.00    168.324    175.620    0.9389    -7.05   196.76   113.55
  UGC03205            6.080   237.00     7.36    170.324    173.017    0.9164    -6.70   202.21   110.91
  UGC03205            6.360   237.00    10.20    172.163    170.728    0.8970    -6.27   207.12   108.43
  UGC03205            6.630   236.00    10.40    173.183    168.196    0.8821    -5.76   210.37   106.22
  UGC03205            6.910   236.00     5.83    173.800    167.135    0.8751    -5.16   212.88   104.02
  UGC03205            7.190   235.00     5.43    173.995    166.105    0.8757    -4.56   214.54   101.99
  UGC03205            7.270   234.00     8.36    173.943    164.538    0.8677    -4.39   214.82   101.43
  UGC03205            7.460   234.00     7.88    173.760    164.920    0.8743    -3.95   215.36   100.13
  UGC03205            8.020   231.00     8.17    173.082    165.737    0.9144     1.42   216.46    96.57
  UGC03205            8.290   229.00     5.82    172.575    165.673    0.9340     3.82   216.57    94.99
  UGC03205            8.560   228.00     7.21    171.991    166.282    0.9538     5.49   216.49    93.48
  UGC03205            8.840   226.00    18.20    171.120    165.990    0.9723     7.01   215.92    91.98
  UGC03205            9.120   224.00     9.11    170.240    165.314    0.9868     8.51   215.26    90.56
  UGC03205            9.690   221.00     5.56    168.040    163.319    1.0000    11.96   213.03    87.86
  UGC03205           12.110   216.00     3.21    156.114    156.201    1.0000    24.01   197.34    78.59
  UGC03205           14.580   220.00     1.89    145.009    155.698    1.0000    33.03   180.81    71.62
  UGC03205           14.680   220.00     7.66    144.580    155.560    1.0000    33.34   180.14    71.38
  UGC03205           15.200   221.00     9.52    142.545    155.544    1.0000    34.96   176.93    70.15
  UGC03205           15.500   221.00    13.60    141.564    155.126    1.0000    35.77   175.40    69.47
  UGC03205           15.710   221.00     8.15    140.986    154.833    1.0000    36.68   174.35    69.00
  UGC03205           16.020   221.00     4.11    140.075    154.401    1.0000    37.49   172.90    68.33
  UGC03205           16.320   221.00     5.37    139.192    153.984    1.0000    38.30   171.46    67.70
  UGC03205           16.530   221.00     5.06    138.687    153.692    1.0000    39.11   170.51    67.27
  UGC03205           16.840   221.00    11.40    137.907    153.261    1.0000    39.92   169.21    66.64
  UGC03205           16.940   221.00     2.56    137.717    148.237    0.9371    40.33   168.81    66.45
  UGC03205           19.400   218.00     1.70    131.888    147.804    0.9983    47.22   157.90    62.09
  UGC03205           21.770   216.00     1.13    127.190    143.448    1.0000    52.28   148.59    58.61
  UGC03205           24.230   215.00     1.77    121.759    139.540    1.0000    54.82   138.99    55.56
  UGC03205           26.690   212.00     2.47    116.629    134.378    1.0000    55.53   130.82    52.94
  UGC03205           29.060   208.00     1.44    111.563    128.821    1.0000    54.01   124.32    50.73
  UGC03205           31.520   209.00     2.88    106.620    126.239    1.0000    51.78   118.54    48.71
  UGC03205           36.340   220.00     4.09     98.226    125.425    1.0000    47.22   109.34    45.37
  UGC03205           40.040   220.00     6.32     92.243    118.762    1.0000    42.76   103.66    43.22
  UGC03546            0.630   262.00    73.60    330.901    140.470    0.4842    -0.79    82.82   389.26
  UGC03546            0.790   250.00    55.50    314.198    138.417    0.5131    -0.85    98.90   366.12
  UGC03546            0.950   241.00    42.90    298.416    137.124    0.5399    -0.88   113.48   343.54
  UGC03546            1.110   234.00    31.90    284.299    136.368    0.5653    -0.87   126.74   322.48
  UGC03546            1.270   228.00    28.80    272.599    135.729    0.5893    -0.80   138.83   303.96
  UGC03546            1.430   225.00    24.20    262.404    136.505    0.6121    -0.68   149.76   286.96
  UGC03546            1.590   222.00    12.20    254.223    136.953    0.6332    -0.44   159.73   272.22
  UGC03546            1.900   221.00     6.34    243.034    140.221    0.6714     0.78   176.94   249.03
  UGC03546            2.060   221.00    12.20    239.087    141.843    0.6883     1.08   185.04   239.17
  UGC03546            2.220   222.00    16.90    235.981    143.785    0.7024     1.32   192.44   230.43
  UGC03546            2.380   222.00    26.00    233.511    144.710    0.7131     1.56   199.32   222.52
  UGC03546            2.790   221.00    13.10    227.749    147.354    0.7511     2.09   211.11   205.57
  UGC03546            2.860   221.00    11.80    226.786    146.346    0.7417     2.18   212.46   203.04
  UGC03546            3.020   220.00    22.90    224.504    145.148    0.7382     2.37   214.79   197.59
  UGC03546            4.170   205.00     8.45    205.365    142.774    0.8398     2.86   211.54   168.15
  UGC03546            5.560   190.00    13.30    183.655    138.652    0.9500    -1.54   194.36   145.62
  UGC03546            6.960   190.00     8.87    171.166    139.962    1.0000    -5.89   186.95   130.15
  UGC03546            8.350   198.00     3.19    162.708    143.392    1.0000    -6.18   182.36   118.83
  UGC03546            9.730   204.00     2.56    158.200    145.123    1.0000     5.96   181.71   110.08
  UGC03546           11.140   204.00     1.09    150.914    142.404    1.0000    14.87   174.04   102.88
  UGC03546           12.510   201.00     0.57    144.911    137.745    1.0000    22.04   166.83    97.08
  UGC03546           13.880   203.00     0.75    140.774    136.520    1.0000    28.09   161.75    92.17
  UGC03546           15.350   202.00     0.89    136.949    133.015    1.0000    32.20   157.11    87.64
  UGC03546           16.720   198.00     1.58    132.386    127.800    1.0000    34.45   151.02    83.97
  UGC03546           18.080   195.00     1.50    127.350    123.369    1.0000    34.96   144.44    80.75
  UGC03546           19.450   194.00     2.16    122.240    120.222    1.0000    34.55   137.88    77.86
  UGC03546           20.920   192.00     6.21    117.017    116.272    1.0000    33.63   131.28    75.07
  UGC03546           22.920   190.00     3.14    110.458    111.334    1.0000    31.78   123.21    71.72
  UGC03546           25.020   191.00    14.60    104.849    107.782    1.0000    29.63   116.76    68.65
  UGC03546           29.230   193.00    18.60     96.026     99.397    1.0000    26.35   106.80    63.51
  UGC03580            0.110    56.20    28.50     37.632     18.867    0.2000    -1.03    10.27    44.15
  UGC03580            0.230    64.60    22.70     64.908     22.124    0.2048    -1.23    20.21    75.69
  UGC03580            0.340    70.20    17.20     77.975     24.624    0.2126    -1.32    28.30    90.09
  UGC03580            0.460    71.60    11.70     85.311     25.902    0.2240    -1.38    36.17    97.29
  UGC03580            0.570    71.00    11.30     87.663     26.636    0.2394    -1.41    42.64    98.40
  UGC03580            0.690    69.00     9.37     89.992     27.009    0.2592    -1.36    48.95    99.30
  UGC03580            0.800    67.70     6.23     92.280     27.775    0.2836    -1.23    54.16   100.36
  UGC03580            0.920    66.90     4.00     94.191     28.891    0.3132    -0.91    59.24   100.84
  UGC03580            1.030    66.60     3.10     96.044     30.344    0.3478     0.49    63.40   101.52
  UGC03580            1.140    66.80     3.02     96.872     32.150    0.3874     1.27    67.15   100.91
  UGC03580            1.260    67.40     3.09     97.260     34.269    0.4317     1.89    70.78    99.65
  UGC03580            1.370    68.30     2.71     97.076     36.617    0.4795     2.47    73.73    97.83
  UGC03580            1.490    69.60     2.75     96.338     39.253    0.5303     2.98    76.63    95.14
  UGC03580            1.610    71.20     2.61     95.535     42.091    0.5824     3.52    79.45    92.26
  UGC03580            1.710    72.90     4.09     94.852     44.955    0.6338     4.06    81.60    89.85
  UGC03580            1.830    74.90     6.17     93.982     47.991    0.6845     4.62    83.69    87.09
  UGC03580            1.940    77.00     7.74     93.078     50.993    0.7317     5.19    85.04    84.69
  UGC03580            2.060    79.20     5.36     92.132     53.962    0.7753     5.77    86.25    82.25
  UGC03580            2.180    81.40     6.34     91.340     56.778    0.8137     6.34    87.49    79.96
  UGC03580            2.290    83.60     2.03     90.906     59.387    0.8452     6.95    88.91    78.04
  UGC03580            2.400    85.70     1.94     90.632     61.717    0.8701     7.56    90.40    76.26
  UGC03580            2.520    87.80     1.70     90.365     63.857    0.8893     8.20    91.90    74.41
  UGC03580            2.630    89.70     2.16     90.083     65.608    0.9012     8.89    92.95    72.86
  UGC03580            2.750    91.40     1.88     89.602     67.040    0.9083     9.58    93.65    71.23
  UGC03580            2.860    92.80     3.36     89.089     68.045    0.9096    10.31    93.97    69.85
  UGC03580            2.980    94.10     1.40     88.480     68.867    0.9083    11.11    94.10    68.43
  UGC03580            3.090    95.20     5.51     87.868     69.413    0.9034    11.94    93.98    67.21
  UGC03580            3.200    96.10     6.23     87.243     69.759    0.8973    12.77    93.74    66.06
  UGC03580            4.520    97.40     2.30     80.085     73.672    1.0000    19.31    88.08    55.57
  UGC03580            4.690    96.90    11.70     79.298     73.165    1.0000    19.73    87.36    54.55
  UGC03580            6.030    96.80     2.30     73.946     72.161    1.0000    22.95    81.50    48.11
  UGC03580            7.530   105.00     1.02     70.287     77.197    1.0000    26.37    76.78    43.05
  UGC03580            8.580   110.00     7.12     68.092     80.044    1.0000    28.87    73.00    40.33
  UGC03580            8.700   110.00     5.26     67.895     79.947    1.0000    29.07    72.69    40.05
  UGC03580            8.820   110.00     5.16     67.715     79.851    1.0000    29.38    72.31    39.78
  UGC03580            9.030   111.00     0.82     67.393     80.406    1.0000    29.90    71.64    39.31
  UGC03580            9.050   111.00     7.81     67.345     80.390    1.0000    29.90    71.58    39.27
  UGC03580           10.530   112.00     1.43     65.601     79.909    1.0000    33.33    67.30    36.41
  UGC03580           12.070   112.00     1.21     64.249     78.686    1.0000    36.03    63.57    34.00
  UGC03580           13.580   114.00     1.35     62.772     78.876    1.0000    37.90    59.74    32.06
  UGC03580           15.090   118.00     1.36     61.266     80.331    1.0000    39.04    56.25    30.41
  UGC03580           16.600   122.00     1.44     59.833     81.595    1.0000    39.66    53.26    29.00
  UGC03580           18.110   125.00     1.64     58.562     81.990    1.0000    40.08    50.67    27.76
  UGC03580           19.620   128.00     1.97     57.311     82.175    1.0000    40.18    48.42    26.67
  UGC03580           21.020   131.00     1.81     56.026     82.258    1.0000    39.87    46.57    25.77
  UGC03580           24.040   127.00     1.93     52.175     75.613    1.0000    37.17    43.23    24.09
  UGC03580           27.060   124.00     1.92     48.999     69.539    1.0000    34.89    40.56    22.71
  UGC04278            0.140     5.23     5.31      2.897      2.782    0.5802    -0.97     4.32     0.00
  UGC04278            0.420    15.40     7.78      8.022      8.346    0.6027     0.23    11.34     0.00
  UGC04278            0.690    24.40     4.00     12.997     13.702    0.6485     3.77    17.59     0.00
  UGC04278            0.970    32.10     4.00     17.420     18.960    0.7202     5.25    23.49     0.00
  UGC04278            1.250    34.60     4.00     20.438     21.709    0.8175     5.18    27.96     0.00
  UGC04278            1.520    37.90     4.00     20.772     25.394    0.9396    -5.25    30.30     0.00
  UGC04278            1.800    40.50     4.00     19.547     27.854    1.0000    -9.36    30.65     0.00
  UGC04278            2.070    43.00     4.00     19.681     29.420    1.0000    -9.36    30.82     0.00
  UGC04278            2.350    45.10     4.00     20.535     30.689    1.0000    -7.81    31.07     0.00
  UGC04278            2.630    45.60     4.00     21.405     30.864    1.0000    -5.60    31.29     0.00
  UGC04278            2.910    49.20    13.00     22.066     33.120    1.0000    -4.88    31.96     0.00
  UGC04278            3.190    50.30     4.00     22.285     33.670    1.0000    -6.06    32.66     0.00
  UGC04278            3.460    53.70     4.19     22.299     35.742    1.0000    -7.65    33.34     0.00
  UGC04278            3.740    58.00     7.53     22.174     38.353    1.0000    -8.90    33.79     0.00
  UGC04278            4.010    64.40     4.00     22.023     42.272    1.0000    -9.52    33.93     0.00
  UGC04278            4.290    67.50     4.00     21.784     43.922    1.0000   -10.37    34.12     0.00
  UGC04278            4.570    71.30     4.00     22.776     45.952    1.0000    -8.76    34.51     0.00
  UGC04278            4.850    75.60     4.00     24.782     48.200    1.0000     1.41    34.99     0.00
  UGC04278            5.130    80.00     4.00     26.695     50.385    1.0000     9.52    35.27     0.00
  UGC04278            5.400    82.80     4.00     30.221     51.464    1.0000    17.13    35.21     0.00
  UGC04278            5.680    84.80    15.70     34.593     51.924    1.0000    23.98    35.26     0.00
  UGC04278            5.860    86.30    16.80     37.037     52.299    1.0000    27.31    35.38     0.00
  UGC04278            6.360    90.20     8.07     44.337     52.921    1.0000    36.83    34.91     0.00
  UGC04278            6.510    91.30     4.00     46.033     52.984    1.0000    39.02    34.54     0.00
  UGC04278            6.690    92.80     8.75     45.516     53.106    1.0000    38.64    34.02     0.00
  UGC04305            0.250     3.17     3.22      4.441      2.396    0.9604    -1.04     6.45     0.00
  UGC04305            0.500    10.50     3.32      8.689      7.962    0.9702    -3.35    13.17     0.00
  UGC04305            0.750    17.50     4.47     13.539     13.406    0.9987     4.05    18.27     0.00
  UGC04305            1.000    22.70     4.96     18.188     17.280    1.0000     4.85    24.79     0.00
  UGC04305            1.260    29.70     5.29     22.076     22.374    1.0000     6.16    29.98     0.00
  UGC04305            1.500    34.50     4.70     22.984     25.648    1.0000     7.83    30.56     0.00
  UGC04305            1.760    36.00     3.51     23.444     26.316    1.0000     8.37    30.97     0.00
  UGC04305            2.010    37.30     3.45     22.789     26.789    1.0000     8.40    29.96     0.00
  UGC04305            2.260    35.60     3.57     23.594     25.113    1.0000    10.27    30.04     0.00
  UGC04305            2.510    34.90     3.88     25.236     24.198    1.0000    11.89    31.48     0.00
  UGC04305            2.760    32.70     3.27     27.841     22.306    1.0000    15.11    33.07     0.00
  UGC04305            3.010    32.80     3.21     29.876     22.026    1.0000    17.63    34.11     0.00
  UGC04305            3.270    33.20     3.21     31.064     21.918    1.0000    19.74    33.92     0.00
  UGC04305            3.510    32.10     3.23     32.250     20.857    1.0000    22.06    33.27     0.00
  UGC04305            3.760    30.10     3.16     32.722     19.256    1.0000    23.37    32.39     0.00
  UGC04305            4.020    32.30     3.16     33.094     20.320    1.0000    24.68    31.18     0.00
  UGC04305            4.260    33.60     3.12     33.151     20.762    1.0000    25.38    30.16     0.00
  UGC04305            4.520    35.10     3.12     33.330     21.209    1.0000    25.99    29.51     0.00
  UGC04305            4.770    35.30     3.12     33.687     20.820    1.0000    26.59    29.25     0.00
  UGC04305            5.020    35.20     3.13     33.868     20.223    1.0000    26.90    29.10     0.00
  UGC04305            5.270    34.60     3.11     33.659     19.329    1.0000    27.20    28.04     0.00
  UGC04305            5.520    33.00     3.11     33.233     17.914    1.0000    27.30    26.80     0.00
  UGC04325            0.700    41.30     3.05     15.103     24.078    0.5823     2.87    20.97     0.00
  UGC04325            1.400    68.70     3.07     23.762     42.017    0.6431     6.75    32.22     0.00
  UGC04325            2.090    83.80     3.05     32.199     54.649    0.7413    14.14    40.91     0.00
  UGC04325            2.790    88.70     3.05     38.730     62.315    0.8880    20.18    46.75     0.00
  UGC04325            3.490    90.10     3.05     42.835     65.464    1.0000    24.08    50.10     0.00
  UGC04325            4.190    91.60     3.05     43.939     64.435    1.0000    26.71    49.34     0.00
  UGC04325            4.890    92.70     3.05     44.018     62.844    1.0000    28.08    47.94     0.00
  UGC04325            5.590    91.50     3.05     43.466     59.461    1.0000    29.25    45.47     0.00
  UGC04483            0.080     5.11     2.79      3.131      3.039    0.6197     1.47     3.91     0.00
  UGC04483            0.240    10.80     1.94      7.725      6.578    0.6522     4.46     8.92     0.00
  UGC04483            0.400    17.30     1.56     10.124     10.963    0.7131     7.28     9.95     0.00
  UGC04483            0.570    20.80     1.25     11.620     14.037    0.8293     9.38     9.70     0.00
  UGC04483            0.730    20.80     1.62     12.437     14.979    0.9838    10.63     9.13     0.00
  UGC04483            0.890    22.90     1.76     12.815     16.159    1.0000    11.34     8.44     0.00
  UGC04483            1.050    24.30     2.23     13.158     16.535    1.0000    11.95     7.79     0.00
  UGC04483            1.210    24.20     1.23     13.373     15.761    1.0000    12.36     7.22     0.00
  UGC04499            0.910    26.00     4.10     21.061     17.065    0.7511    -3.26    30.14     0.00
  UGC04499            1.820    45.10     3.02     25.718     30.708    0.8201     5.75    35.45     0.00
  UGC04499            2.730    57.00     2.97     30.178     40.824    0.9336    15.79    36.37     0.00
  UGC04499            3.630    62.00     2.85     35.093     45.016    1.0000    22.36    38.25     0.00
  UGC04499            4.550    66.90     2.75     36.648     47.353    1.0000    25.59    37.10     0.00
  UGC04499            5.450    70.60     2.86     37.681     48.556    1.0000    27.95    35.74     0.00
  UGC04499            6.370    72.80     2.66     37.518     48.393    1.0000    28.63    34.29     0.00
  UGC04499            7.280    73.30     2.66     39.213     46.878    1.0000    31.18    33.63     0.00
  UGC04499            8.180    74.30     2.67     39.873     45.453    1.0000    32.26    33.14     0.00
  UGC05005            0.780    14.50     8.10     11.578      8.390    0.6386     3.09    15.78     0.00
  UGC05005            2.340    32.60    26.80     22.391     19.068    0.6546     8.01    29.57     0.00
  UGC05005            3.910    48.60    11.30     30.553     28.870    0.6787    11.69    39.92     0.00
  UGC05005            5.470    58.10     6.10     34.745     35.097    0.7071    14.84    44.43     0.00
  UGC05005            7.040    65.90     8.71     35.756     40.410    0.7355    17.28    44.27     0.00
  UGC05005            8.600    72.50    12.20     37.357     44.975    0.7614    20.43    44.23     0.00
  UGC05005           10.170    78.60    28.40     38.629     49.127    0.7836    23.88    42.94     0.00
  UGC05005           17.970    97.10    10.00     42.633     64.457    1.0000    35.26    33.89     0.00
  UGC05005           21.070    99.40    10.00     42.620     63.411    1.0000    36.58    30.93     0.00
  UGC05005           22.720   100.00    10.00     42.585     62.303    1.0000    37.09    29.59     0.00
  UGC05005           28.610    99.10    10.00     43.080     55.810    1.0000    39.02    25.82     0.00
  UGC05253            0.130   232.00    33.40    125.601     99.268    0.3233    -2.47     8.23   149.99
  UGC05253            0.250   233.00    16.90    185.024    103.597    0.3417    -2.73    15.54   220.78
  UGC05253            0.380   234.00    14.60    213.112    107.646    0.3611    -2.63    23.07   253.99
  UGC05253            0.510   235.00    10.60    226.185    111.818    0.3831    -2.41    30.21   269.15
  UGC05253            0.630   236.00     9.12    232.572    116.179    0.4080    -2.13    36.51   276.27
  UGC05253            0.760   237.00    10.30    235.063    121.011    0.4372    -1.79    43.02   278.60
  UGC05253            0.890   238.00     9.95    236.263    126.127    0.4697    -1.58    49.25   279.31
  UGC05253            1.010   239.00     3.51    237.804    131.334    0.5040    -1.03    54.76   280.44
  UGC05253            1.140   240.00     3.18    238.236    136.750    0.5409     0.66    60.48   280.12
  UGC05253            1.270   240.00     5.19    237.177    141.559    0.5785     1.42    65.96   277.94
  UGC05253            1.390   241.00     3.54    237.610    146.710    0.6149     1.91    70.82   277.61
  UGC05253            1.520   242.00     2.60    237.505    151.765    0.6506     2.31    75.88   276.52
  UGC05253            1.650   242.00     1.75    236.642    155.887    0.6837     2.69    80.73   274.47
  UGC05253            1.770   243.00     1.94    235.739    160.178    0.7121     3.02    85.03   272.42
  UGC05253            1.900   244.00     3.09    234.857    164.188    0.7370     3.34    89.52   270.29
  UGC05253            2.030   244.00     1.60    234.148    167.085    0.7566     3.66    93.85   268.35
  UGC05253            2.160   244.00     3.00    233.657    169.509    0.7701     3.96    97.99   266.67
  UGC05253            2.280   245.00     2.19    233.577    172.061    0.7761     4.26   101.66   265.58
  UGC05253            2.410   245.00     3.01    233.796    173.563    0.7769     4.56   105.49   264.78
  UGC05253            2.540   246.00     2.64    234.322    175.331    0.7714     4.87   109.17   264.37
  UGC05253            2.660   246.00     2.38    234.811    175.861    0.7589     5.17   112.45   264.00
  UGC05253            2.790   246.00     3.72    235.397    176.090    0.7423     5.46   115.87   263.68
  UGC05253            2.920   247.00     3.54    235.820    176.666    0.7215     5.76   119.17   263.16
  UGC05253            3.040   247.00     3.74    236.124    176.095    0.6968     6.05   122.10   262.58
  UGC05253            3.170   247.00     5.11    236.256    175.329    0.6716     6.34   125.13   261.72
  UGC05253            3.300   247.00     3.63    236.211    174.316    0.6464     6.65   128.05   260.64
  UGC05253            3.420   247.00     3.84    235.992    173.018    0.6224     6.94   130.65   259.42
  UGC05253            3.550   248.00     5.12    235.604    172.372    0.6029     7.23   133.35   257.92
  UGC05253            3.680   248.00     2.77    235.444    170.848    0.5887     7.53   135.94   256.73
  UGC05253            3.800   248.00     3.24    235.112    169.202    0.5808     7.83   138.27   255.39
  UGC05253            3.930   248.00     6.79    234.525    167.687    0.5817     8.14   140.68   253.66
  UGC05253            4.060   248.00     8.39    233.871    166.341    0.5918     8.44   143.00   251.85
  UGC05253            4.180   248.00     2.73    233.097    165.142    0.6110     8.74   145.04   249.97
  UGC05253            4.310   248.00    13.70    232.167    164.311    0.6407     9.04   147.17   247.82
  UGC05253            4.440   248.00     4.89    231.209    163.860    0.6799     9.34   149.24   245.63
  UGC05253            4.560   248.00     5.71    230.240    163.793    0.7268     9.66   151.08   243.50
  UGC05253            4.690   248.00    15.10    229.124    164.179    0.7811     9.96   152.98   241.12
  UGC05253            4.820   248.00    10.50    228.016    164.978    0.8403    10.27   154.80   238.76
  UGC05253            4.940   248.00     1.58    226.945    166.110    0.9013    10.63   156.43   236.51
  UGC05253            4.990   248.00     4.77    226.493    167.197    0.9566    10.73   157.09   235.57
  UGC05253            5.070   248.00     4.36    225.753    168.522    1.0000    10.94   158.13   234.04
  UGC05253            5.200   248.00     8.45    224.524    169.611    1.0000    11.25   159.77   231.52
  UGC05253            5.450   247.00     8.25    222.199    170.611    1.0000    11.88   162.71   226.76
  UGC05253            5.580   247.00     2.34    220.900    171.988    1.0000    12.19   164.01   224.24
  UGC05253            5.700   247.00     2.34    219.713    173.359    1.0000    12.50   165.02   222.01
  UGC05253            5.830   247.00     6.13    218.298    174.604    1.0000    12.81   165.84   219.54
  UGC05253            6.470   247.00     6.89    212.275    176.097    1.0000    14.58   169.31   208.79
  UGC05253            6.590   246.00     5.95    211.336    176.022    1.0000    14.90   170.15   206.90
  UGC05253            6.660   246.00     2.29    210.834    176.510    1.0000    15.11   170.65   205.85
  UGC05253            6.720   246.00     4.73    210.361    176.710    1.0000    15.31   171.08   204.88
  UGC05253            6.850   246.00     3.02    209.497    176.987    1.0000    15.63   172.07   202.98
  UGC05253            6.970   246.00     5.81    208.760    177.175    1.0000    16.04   173.03   201.26
  UGC05253            7.100   246.00     6.32    208.007    177.224    1.0000    16.36   174.15   199.41
  UGC05253            7.230   246.00     8.92    207.331    177.042    1.0000    16.67   175.27   197.66
  UGC05253            8.320   246.00     2.13    202.031    178.115    1.0000    19.69   182.58   184.24
  UGC05253           10.000   245.00     2.18    192.820    178.425    1.0000    23.65   183.56   168.07
  UGC05253           11.610   245.00     0.94    185.695    178.096    1.0000    26.98   182.90   155.97
  UGC05253           13.350   246.00     2.02    175.148    177.366    1.0000    29.27   173.27   145.45
  UGC05253           14.980   245.00     1.33    166.326    174.201    1.0000    30.52   164.53   137.31
  UGC05253           16.610   245.00     1.36    159.202    171.771    1.0000    32.19   157.52   130.40
  UGC05253           18.340   245.00     1.59    153.660    169.198    1.0000    34.17   152.73   124.10
  UGC05253           19.970   245.00     2.03    149.970    166.764    1.0000    36.46   150.07   118.93
  UGC05253           21.600   245.00     2.36    146.175    164.309    1.0000    38.96   146.26   114.35
  UGC05253           23.330   244.00     4.61    142.851    161.019    1.0000    41.25   143.04   110.03
  UGC05253           26.700   243.00    10.60    136.855    155.169    1.0000    44.17   136.92   102.85
  UGC05253           29.950   239.00    17.00    130.767    147.563    1.0000    44.80   130.32    97.11
  UGC05253           33.320   231.00    18.30    124.597    137.542    1.0000    44.07   123.68    92.07
  UGC05253           36.680   219.00    12.10    119.383    125.741    1.0000    44.17   117.57    87.75
  UGC05253           39.940   210.00     7.50    114.568    116.433    1.0000    43.75   111.91    84.09
  UGC05253           43.300   210.00     3.56    110.500    112.139    1.0000    43.34   107.39    80.76
  UGC05253           46.670   212.00     2.64    107.981    108.563    1.0000    44.90   104.00    77.79
  UGC05253           49.920   213.00     6.50    106.136    104.200    1.0000    46.88   101.06    75.22
  UGC05253           53.290   218.00     6.53    103.100    100.890    1.0000    47.82    96.26    72.80
  UGC05414            0.680    20.50     2.47     13.559     10.283    0.4732     1.03    19.12     0.00
  UGC05414            1.370    34.60     2.45     23.428     17.938    0.5039    11.15    29.14     0.00
  UGC05414            2.050    46.00     2.45     28.332     24.992    0.5534    16.87    32.19     0.00
  UGC05414            2.740    51.80     2.46     31.095     29.885    0.6288    20.26    33.36     0.00
  UGC05414            3.420    56.80     2.44     32.429     35.187    0.7414    21.81    33.94     0.00
  UGC05414            4.110    61.40     2.44     33.681     41.877    0.9510    23.37    34.30     0.00
  UGC05716            1.030    39.15     4.06     15.745     26.386    0.8076     3.65    21.66     0.00
  UGC05716            2.070    49.15     1.65     20.883     35.148    0.9359     7.45    27.59     0.00
  UGC05716            3.090    55.05     0.60     22.056     39.964    1.0000    11.19    26.88     0.00
  UGC05716            4.130    59.35     0.41     23.193     42.226    1.0000    14.76    25.30     0.00
  UGC05716            5.160    63.85     0.46     24.914     44.474    1.0000    18.24    24.00     0.00
  UGC05716            6.200    68.20     0.86     26.691     46.385    1.0000    21.81    21.76     0.00
  UGC05716            7.230    71.70     1.07     28.869     47.473    1.0000    25.20    19.92     0.00
  UGC05716            8.260    73.50     1.07     30.555     47.210    1.0000    27.64    18.42     0.00
  UGC05716            9.280    73.15     1.00     31.413     45.462    1.0000    28.96    17.21     0.00
  UGC05716           10.340    72.50     0.74     31.571     43.424    1.0000    29.43    16.16     0.00
  UGC05716           11.400    73.00     1.07     30.912     41.969    1.0000    28.96    15.29     0.00
  UGC05716           12.370    74.70     2.09     29.683     41.117    1.0000    27.83    14.60     0.00
  UGC05721            0.090    16.50     4.57     11.823     10.775    0.7093     1.23    16.63     0.00
  UGC05721            0.270    38.50     6.88     23.077     25.687    0.7434     3.67    32.22     0.00
  UGC05721            0.450    47.40     4.57     29.098     32.572    0.7937     5.99    40.27     0.00
  UGC05721            0.630    55.50     4.57     31.804     39.337    0.8519     8.14    43.48     0.00
  UGC05721            0.810    56.40     5.45     32.752     41.179    0.9136    10.08    44.07     0.00
  UGC05721            0.990    59.80     4.57     33.055     44.805    0.9734    11.72    43.71     0.00
  UGC05721            1.170    67.80     4.57     33.908     51.125    1.0000    13.25    44.14     0.00
  UGC05721            1.350    76.40     4.57     33.962     57.115    1.0000    15.37    42.83     0.00
  UGC05721            1.530    81.20     4.57     34.347     60.108    1.0000    18.44    40.98     0.00
  UGC05721            1.710    82.20    19.20     34.757     60.223    1.0000    21.32    38.82     0.00
  UGC05721            1.890    82.60     4.57     34.214     59.891    1.0000    22.09    36.95     0.00
  UGC05721            2.070    82.30     4.57     32.140     59.060    1.0000    20.36    35.17     0.00
  UGC05721            2.250    82.10     4.57     29.868     58.315    1.0000    17.96    33.75     0.00
  UGC05721            2.670    81.40     4.57     28.542     56.452    1.0000    18.44    30.81     0.00
  UGC05721            3.150    79.30     4.57     28.395     53.528    1.0000    20.36    27.99     0.00
  UGC05721            3.610    78.50     4.57     27.517     51.634    1.0000    20.55    25.88     0.00
  UGC05721            4.040    78.20     4.57     26.938     50.171    1.0000    20.74    24.31     0.00
  UGC05721            4.490    78.10     4.57     27.109     48.756    1.0000    21.71    22.96     0.00
  UGC05721            4.930    78.20     4.57     27.983     47.448    1.0000    23.34    21.83     0.00
  UGC05721            5.380    78.30     4.57     28.671     46.039    1.0000    24.59    20.85     0.00
  UGC05721            5.860    78.60     4.57     28.511     44.543    1.0000    24.78    19.94     0.00
  UGC05721            6.280    78.90     4.57     28.103     43.138    1.0000    24.59    19.24     0.00
  UGC05721            6.740    79.50     4.57     27.870     41.577    1.0000    24.59    18.55     0.00
  UGC05750            0.310     3.10     4.50      3.033      1.907    0.6759     1.00     4.05     0.00
  UGC05750            1.470    15.70     8.50     12.686      9.717    0.6844     4.69    16.67     0.00
  UGC05750            2.520    28.00    10.00     16.968     17.535    0.7022     7.69    21.39     0.00
  UGC05750            3.350    36.00    11.00     19.809     22.847    0.7231     9.58    24.52     0.00
  UGC05750            4.090    43.60     4.50     20.883     28.026    0.7444    11.47    24.68     0.00
  UGC05750            4.820    49.80     4.50     23.010     32.369    0.7646    13.00    26.85     0.00
  UGC05750            6.600    61.50     4.50     29.708     41.308    0.8298    16.38    35.05     0.00
  UGC05750            7.860    68.10    12.20     33.031     46.638    0.8772    18.53    38.67     0.00
  UGC05750            9.430    73.40    12.20     36.675     51.538    0.9480    20.89    42.63     0.00
  UGC05750           11.430    77.60    11.00     36.285     54.700    1.0000    23.34    39.29     0.00
  UGC05750           22.850    78.90    11.00     41.458     45.928    1.0000    36.96    26.56     0.00
  UGC05764            0.360    21.45     1.99      4.688     14.244    0.7358     2.75     5.37     0.00
  UGC05764            0.730    31.30     1.58      9.425     21.586    0.8028     6.05    10.22     0.00
  UGC05764            1.090    41.70     1.16     12.401     30.048    0.8953     9.40    11.44     0.00
  UGC05764            1.450    48.35     0.44     15.075     36.137    1.0000    12.81    11.24     0.00
  UGC05764            1.810    50.60     0.37     17.970     36.897    1.0000    16.05    11.43     0.00
  UGC05764            2.170    54.05     0.59     20.152     38.306    1.0000    18.46    11.43     0.00
  UGC05764            2.540    55.80     0.76     21.598     38.181    1.0000    20.04    11.39     0.00
  UGC05764            2.900    54.55     0.71     22.218     35.894    1.0000    20.71    11.38     0.00
  UGC05764            3.260    50.00     2.65     21.760     31.597    1.0000    20.29    11.12     0.00
  UGC05764            3.620    49.90     2.77     21.159     30.231    1.0000    19.63    11.17     0.00
  UGC05829            0.630    14.80     5.06      4.791     10.555    1.0000    -2.24     7.48     0.00
  UGC05829            1.260    27.20     5.06      8.469     19.227    1.0000    -3.70    13.07     0.00
  UGC05829            1.880    34.10     5.06     12.450     23.811    1.0000     3.88    16.73     0.00
  UGC05829            2.520    38.80     5.06     13.182     26.714    1.0000    -2.84    19.07     0.00
  UGC05829            3.140    42.80     5.06     18.222     29.036    1.0000    11.17    20.36     0.00
  UGC05829            3.770    47.90     5.06     22.869     31.949    1.0000    17.24    21.25     0.00
  UGC05829            4.400    51.90     5.06     25.694     33.943    1.0000    20.77    21.39     0.00
  UGC05829            5.030    57.60     5.06     30.193     36.793    1.0000    26.16    21.32     0.00
  UGC05829            5.650    60.70     5.06     34.487     37.704    1.0000    31.16    20.90     0.00
  UGC05829            6.290    65.60     5.06     36.660     39.334    1.0000    33.70    20.41     0.00
  UGC05829            6.910    68.60     5.06     37.434     39.401    1.0000    34.59    20.24     0.00
  UGC05918            0.560    16.90     3.93      6.051     10.290    0.6451     3.56     6.92     0.00
  UGC05918            1.110    27.40     3.93      8.740     17.362    0.7043     3.93    11.04     0.00
  UGC05918            1.670    33.50     3.93     10.361     22.359    0.7950     3.56    13.76     0.00
  UGC05918            2.230    36.40     3.93     14.385     25.722    0.9185     8.55    16.36     0.00
  UGC05918            2.790    39.80     3.93     16.752     28.681    1.0000    12.27    16.13     0.00
  UGC05918            3.340    41.20     3.93     17.029     28.860    1.0000    12.47    16.40     0.00
  UGC05918            3.900    42.60     3.93     18.319     28.867    1.0000    13.27    17.86     0.00
  UGC05918            4.460    44.50     3.93     19.716     28.968    1.0000    15.66    16.94     0.00
  UGC05986            0.630    29.50     2.53     22.838     21.985    0.9837    -2.22    32.45     0.00
  UGC05986            1.260    50.80     3.76     29.506     37.905    1.0000    -8.54    43.44     0.00
  UGC05986            1.880    68.20     2.58     37.926     50.382    1.0000    -2.13    53.72     0.00
  UGC05986            2.510    84.30     2.28     47.208     61.455    1.0000     8.88    65.57     0.00
  UGC05986            3.130    95.30     2.01     50.820     68.372    1.0000    11.55    69.99     0.00
  UGC05986            3.770   106.00     3.58     52.395     74.568    1.0000    16.04    70.54     0.00
  UGC05986            4.390   112.00     4.25     54.860     77.055    1.0000    20.82    71.78     0.00
  UGC05986            5.020   115.00     3.18     56.037     77.140    1.0000    24.30    71.41     0.00
  UGC05986            5.650   116.00     2.32     54.249     75.680    1.0000    25.40    67.79     0.00
  UGC05986            6.280   116.00     2.01     51.832     73.429    1.0000    24.60    64.52     0.00
  UGC05986            6.900   116.00     2.28     50.174     71.084    1.0000    25.50    61.11     0.00
  UGC05986            7.540   114.00     3.05     47.433     67.359    1.0000    25.70    56.38     0.00
  UGC05986            8.160   112.00     3.69     44.930     63.704    1.0000    24.60    53.17     0.00
  UGC05986            8.790   109.00     5.10     43.620     59.471    1.0000    24.90    50.65     0.00
  UGC05986            9.410   107.00     6.39     44.168     55.852    1.0000    27.79    48.55     0.00
  UGC05999            3.480    46.20     5.00     30.436     22.369    0.4310    13.28    38.73     0.00
  UGC05999            6.940    81.10     5.00     36.690     41.739    0.4817    23.37    40.00     0.00
  UGC05999           10.420    91.20     5.00     42.068     51.274    0.5720    31.30    39.75     0.00
  UGC05999           13.890    97.70     5.00     43.585     60.952    0.7173    35.52    35.72     0.00
  UGC05999           16.220   100.00     5.00     52.587     67.797    0.8786    46.95    33.50     0.00
  UGC06399            0.870    24.80     6.50     14.671     16.704    0.8001     2.79    20.37     0.00
  UGC06399            1.740    46.20     5.60     23.765     31.995    0.8573     5.75    32.61     0.00
  UGC06399            2.610    60.50     5.80     27.770     43.637    0.9543     9.11    37.10     0.00
  UGC06399            3.500    69.60     3.90     33.011     50.397    1.0000    13.36    42.69     0.00
  UGC06399            4.370    77.50     3.70     35.426     54.792    1.0000    16.60    44.26     0.00
  UGC06399            5.240    82.90     4.50     37.557     56.954    1.0000    20.91    44.12     0.00
  UGC06399            6.110    84.10     4.90     38.698     55.904    1.0000    23.38    43.61     0.00
  UGC06399            6.980    85.60     4.90     38.859     54.813    1.0000    23.92    43.31     0.00
  UGC06399            7.850    87.60     4.90     38.649     53.672    1.0000    25.86    40.62     0.00
  UGC06446            0.580    31.30     6.30     15.097     21.959    0.8390     0.00    21.35     0.00
  UGC06446            1.160    54.80     5.80     20.942     40.028    0.9267     2.75    29.36     0.00
  UGC06446            1.740    61.10     4.10     22.639     45.704    1.0000     6.18    30.80     0.00
  UGC06446            2.330    63.90     4.10     23.695     47.077    1.0000     7.45    31.81     0.00
  UGC06446            2.910    67.20     4.10     26.543     48.793    1.0000    14.25    31.67     0.00
  UGC06446            3.490    70.40     3.60     28.219     50.361    1.0000    16.89    31.97     0.00
  UGC06446            4.070    73.70     3.60     27.408     51.902    1.0000    15.31    32.15     0.00
  UGC06446            4.650    78.00     4.10     29.064     53.997    1.0000    18.83    31.31     0.00
  UGC06446            5.230    80.80     4.10     31.416     54.885    1.0000    23.23    29.91     0.00
  UGC06446            5.810    80.50     3.60     32.973     53.591    1.0000    26.13    28.44     0.00
  UGC06446            6.400    81.30     3.60     34.894     52.976    1.0000    28.95    27.55     0.00
  UGC06446            6.980    82.10     4.60     36.582     52.302    1.0000    31.41    26.52     0.00
  UGC06446            7.620    82.80     4.60     38.503     51.341    1.0000    34.05    25.42     0.00
  UGC06446            8.280    84.90     5.50     38.552     51.020    1.0000    34.49    24.36     0.00
  UGC06446            8.900    84.30     5.50     36.064     49.018    1.0000    32.03    23.44     0.00
  UGC06446            9.520    83.20     7.00     36.047     46.675    1.0000    32.29    22.66     0.00
  UGC06446           10.220    80.10    10.80     36.442     43.032    1.0000    33.08    21.62     0.00
  UGC06614            3.230   194.00    16.70    209.411     91.726    0.4456    -7.97    37.15   248.50
  UGC06614            9.180   172.00     8.10    158.439     94.571    0.5941   -15.63    83.53   176.71
  UGC06614           10.640   170.00    10.70    151.252     94.864    0.6142   -16.24    92.09   164.32
  UGC06614           11.580   170.00     6.80    148.450     95.133    0.6193   -16.14    99.29   157.52
  UGC06614           12.520   171.00     6.80    147.043     95.542    0.6189   -16.04   107.74   151.54
  UGC06614           13.570   172.00    12.10    147.852     95.618    0.6144   -16.04   120.80   145.51
  UGC06614           15.760   174.00    19.60    145.554     96.961    0.6206   -15.53   131.65   135.02
  UGC06614           24.940   193.00    23.20    121.061    116.051    0.7477    18.69   111.71   107.35
  UGC06614           26.300   194.00    23.00    118.116    114.502    0.7253    21.04   108.26   104.53
  UGC06614           34.960   201.00     7.20    105.910    126.274    0.8677    34.22    92.64    90.67
  UGC06614           36.840   202.00    17.10    103.928    123.738    0.8372    37.39    88.80    88.32
  UGC06614           47.380   205.00    16.00    100.154    130.332    1.0000    54.35    75.25    77.88
  UGC06614           64.590   204.00    16.00     94.159    114.138    1.0000    61.29    63.17    66.70
  UGC06628            1.100    26.90     8.27     20.776     13.939    0.4733     3.02    29.07     0.00
  UGC06628            2.200    38.00     8.27     26.076     21.184    0.5429    -3.24    37.16     0.00
  UGC06628            3.300    40.50     8.27     31.683     24.496    0.6403    12.42    41.22     0.00
  UGC06628            4.390    41.40     8.27     35.793     27.126    0.7657    16.39    45.00     0.00
  UGC06628            5.500    42.30     8.27     38.351     30.242    0.9527    20.17    46.13     0.00
  UGC06628            6.590    42.30     8.27     42.373     29.969    1.0000    25.63    47.72     0.00
  UGC06628            7.690    42.30     8.27     45.581     28.783    1.0000    31.39    46.74     0.00
  UGC06667            0.870    26.60     4.40      4.893     17.933    0.7996     0.00     6.92     0.00
  UGC06667            1.740    45.20     2.70      7.750     31.401    0.8612     0.00    10.96     0.00
  UGC06667            2.610    57.00     3.90     13.323     41.145    0.9528     8.65    14.33     0.00
  UGC06667            3.500    69.30     3.00     19.968     50.288    1.0000    16.06    16.78     0.00
  UGC06667            4.370    77.30     3.40     22.503     54.741    1.0000    18.32    18.48     0.00
  UGC06667            5.240    80.70     3.90     26.507     55.533    1.0000    22.41    20.02     0.00
  UGC06667            6.110    84.00     3.00     27.927     55.921    1.0000    23.49    21.36     0.00
  UGC06667            6.980    85.00     3.00     30.251     54.451    1.0000    25.65    22.68     0.00
  UGC06667            7.850    85.70     3.40     29.771     52.497    1.0000    24.46    24.00     0.00
  UGC06786            0.160   160.00    36.00    100.128     82.178    0.4384    -1.22     8.07   119.49
  UGC06786            0.320   177.00    30.90    154.468     94.490    0.4686    -1.20    15.74   184.15
  UGC06786            0.490   180.00    25.30    169.537     99.620    0.5004    -1.08    23.42   201.67
  UGC06786            0.650   180.00    32.00    175.038    103.034    0.5335    -0.96    30.30   207.64
  UGC06786            1.300   182.00     4.72    174.452    112.089    0.6141    -0.33    55.43   203.18
  UGC06786            1.460   183.00    10.80    172.845    116.128    0.6521     0.44    61.06   200.04
  UGC06786            1.620   184.00     7.43    171.249    120.222    0.6919     0.74    66.51   196.81
  UGC06786            3.720   206.00     8.42    152.528    153.577    0.9253     4.94   126.30   147.67
  UGC06786            3.890   207.00     4.54    152.227    158.071    0.9744     5.38   130.52   144.55
  UGC06786            4.050   209.00     5.36    151.996    161.373    1.0000     5.86   134.47   141.56
  UGC06786            4.220   210.00     2.43    152.219    161.805    1.0000     6.37   138.94   138.76
  UGC06786            4.260   210.00     4.60    152.327    161.726    1.0000     6.53   140.05   138.12
  UGC06786            4.380   211.00     2.80    152.713    162.258    1.0000     6.92   143.43   136.21
  UGC06786            4.540   213.00     2.18    153.535    163.475    1.0000     7.46   148.24   133.79
  UGC06786            4.710   214.00     7.61    154.845    163.902    1.0000     7.98   153.86   131.35
  UGC06786            4.860   215.00     4.70    156.022    164.368    1.0000     8.49   158.53   129.31
  UGC06786            5.020   215.00     2.34    157.064    164.050    1.0000     9.00   162.82   127.24
  UGC06786            5.180   216.00     2.95    157.691    164.497    1.0000     9.51   166.08   125.27
  UGC06786            5.350   217.00     4.48    158.079    164.923    1.0000    10.02   168.84   123.26
  UGC06786            5.510   217.00     3.99    158.120    164.610    1.0000    10.53   170.67   121.46
  UGC06786            5.680   218.00     5.14    157.780    165.036    1.0000    11.06   171.80   119.61
  UGC06786            5.840   218.00     2.51    157.319    164.726    1.0000    11.59   172.47   117.97
  UGC06786            6.000   219.00     3.95    156.798    165.171    1.0000    12.13   172.94   116.40
  UGC06786            6.150   219.00     7.84    156.358    164.882    1.0000    12.55   173.44   114.95
  UGC06786            6.480   219.00     7.74    155.489    164.255    1.0000    13.72   174.41   111.99
  UGC06786            6.640   219.00     6.69    154.950    163.955    1.0000    14.25   174.58   110.63
  UGC06786            6.810   220.00     6.26    154.270    164.384    1.0000    14.68   174.53   109.24
  UGC06786            7.100   220.00     2.52    152.995    163.711    0.9983    15.64   174.07   106.99
  UGC06786            7.130   220.00    11.40    152.825    160.357    0.9584    15.74   173.95   106.76
  UGC06786            8.520   220.00     2.93    142.236    161.411    1.0000    20.10   162.17    97.67
  UGC06786           10.660   225.00     1.79    131.317    161.242    1.0000    25.95   149.89    87.32
  UGC06786           11.990   228.00     5.71    126.444    160.954    1.0000    28.72   144.35    82.33
  UGC06786           12.100   228.00     9.96    126.092    160.751    1.0000    29.04   143.90    81.96
  UGC06786           12.330   228.00     8.24    125.320    160.326    1.0000    29.36   143.03    81.19
  UGC06786           12.780   229.00     1.74    123.925    160.191    1.0000    30.21   141.37    79.75
  UGC06786           14.930   228.00     1.64    117.546    155.485    1.0000    33.50   133.30    73.78
  UGC06786           17.080   226.00     1.34    111.386    150.140    1.0000    35.21   125.19    68.98
  UGC06786           19.230   226.00     1.39    105.720    146.085    1.0000    35.84   117.76    65.01
  UGC06786           21.270   227.00     1.11    100.481    142.705    1.0000    35.52   111.00    61.81
  UGC06786           23.420   227.00     1.37     96.120    138.233    1.0000    34.46   106.04    58.91
  UGC06786           25.570   224.00     2.79     91.690    131.791    1.0000    32.87   101.01    56.38
  UGC06786           27.720   218.00     9.41     87.529    123.660    1.0000    31.59    96.03    54.15
  UGC06786           29.870   215.00     8.18     84.053    117.301    1.0000    30.53    91.96    52.16
  UGC06786           32.020   219.00     5.06     81.004    114.353    1.0000    29.67    88.37    50.38
  UGC06786           34.050   211.00     7.05     78.503    105.205    1.0000    29.04    85.42    48.86
  UGC06787            0.120   134.00    41.10    149.909     58.741    0.3377    -0.73     7.68   179.06
  UGC06787            0.240   208.00    35.50    233.148     92.942    0.3472    -0.84    14.95   278.38
  UGC06787            0.350   252.00    27.10    259.346    115.097    0.3588    -0.93    21.23   309.46
  UGC06787            0.470   272.00    11.60    269.446    127.412    0.3731    -1.09    27.71   321.20
  UGC06787            0.590   276.00    12.60    271.778    132.531    0.3883    -1.27    33.83   323.58
  UGC06787            0.710   271.00    16.30    271.811    133.241    0.4039    -1.49    39.63   323.15
  UGC06787            0.830   266.00    11.90    269.878    133.779    0.4200    -1.72    45.13   320.31
  UGC06787            0.940   262.00    12.20    267.421    134.602    0.4363    -1.96    49.93   316.84
  UGC06787            1.060   260.00    12.10    266.213    136.640    0.4547    -2.21    54.94   314.79
  UGC06787            1.180   260.00    11.90    265.416    139.887    0.4750    -2.45    59.69   313.21
  UGC06787            1.300   259.00     8.04    264.292    142.819    0.4977    -2.69    64.21   311.21
  UGC06787            1.420   257.00    10.20    263.104    145.409    0.5229    -2.93    68.53   309.11
  UGC06787            1.530   254.00     9.68    261.507    147.489    0.5501    -3.17    72.32   306.55
  UGC06787            1.660   244.00     4.95    259.645    145.697    0.5812    -3.41    76.57   303.54
  UGC06787            1.890   228.00     9.83    255.556    140.814    0.6215    -3.87    83.60   297.20
  UGC06787            2.010   220.00    18.60    253.039    139.388    0.6542    -4.09    87.03   293.40
  UGC06787            2.130   215.00     4.11    250.366    139.556    0.6871    -4.30    90.32   289.39
  UGC06787            2.240   213.00    16.10    247.796    141.294    0.7181    -4.50    93.19   285.56
  UGC06787            3.100   228.00     9.59    227.812    159.847    0.8095    -5.53   112.13   255.35
  UGC06787            3.790   236.00     7.22    212.760    172.816    0.8930    -5.65   121.66   232.68
  UGC06787            3.900   236.00     7.24    210.526    175.063    0.9183    -5.61   122.76   229.34
  UGC06787            4.140   237.00     8.26    206.219    178.578    0.9522    -5.45   124.89   222.83
  UGC06787            4.250   237.00     4.07    204.320    179.747    0.9670    -5.32   125.78   219.95
  UGC06787            4.370   237.00     4.04    202.354    180.566    0.9785    -5.15   126.75   216.93
  UGC06787            4.490   237.00     1.94    200.505    181.123    0.9872    -4.93   127.73   214.04
  UGC06787            4.610   237.00     1.49    198.739    181.654    0.9957    -4.62   128.73   211.23
  UGC06787            4.720   236.00     2.38    197.213    181.046    1.0000    -4.24   129.65   208.76
  UGC06787            5.160   235.00     2.40    192.019    179.397    1.0000    -1.43   133.70   199.77
  UGC06787            5.430   234.00     4.05    189.375    178.117    1.0000     3.32   136.22   194.84
  UGC06787            5.560   233.00     3.03    188.204    177.114    1.0000     4.20   137.40   192.59
  UGC06787            5.670   233.00     2.48    187.228    176.913    1.0000     4.99   138.33   190.72
  UGC06787            5.790   233.00     3.03    186.172    176.695    1.0000     5.73   139.24   188.73
  UGC06787            5.910   232.00     6.70    184.940    175.724    1.0000     6.43   139.93   186.59
  UGC06787            6.030   232.00     7.44    183.831    175.513    1.0000     7.14   140.45   184.70
  UGC06787            6.200   232.00     1.64    182.355    175.218    1.0000     8.18   141.04   182.21
  UGC06787            6.500   233.00    14.30    179.824    175.456    1.0000     9.96   142.01   177.90
  UGC06787            6.850   235.00     7.57    177.231    176.360    1.0000    11.78   143.12   173.33
  UGC06787            6.980   236.00     3.05    176.344    176.886    1.0000    12.31   143.59   171.70
  UGC06787            7.090   236.00     2.91    175.659    176.697    1.0000    12.85   144.05   170.36
  UGC06787            7.210   237.00     4.07    174.965    177.239    1.0000    13.38   144.62   168.93
  UGC06787            7.220   238.00     2.02    174.919    177.969    1.0000    13.48   144.67   168.82
  UGC06787            7.330   238.00     6.76    174.320    177.778    1.0000    13.91   145.21   167.55
  UGC06787            7.450   239.00     3.49    173.675    178.315    1.0000    14.44   145.73   166.20
  UGC06787            7.560   240.00    10.10    173.048    178.868    1.0000    14.86   146.08   164.99
  UGC06787            8.260   247.00     0.85    168.133    182.800    1.0000    17.52   144.87   157.97
  UGC06787            8.980   252.00     8.91    162.754    185.122    1.0000    19.64   141.68   151.50
  UGC06787            9.090   253.00     7.13    161.963    185.643    1.0000    19.85   141.18   150.58
  UGC06787            9.300   254.00     0.73    160.464    185.965    1.0000    20.28   140.17   148.87
  UGC06787           10.320   253.00     0.96    153.323    183.268    1.0000    21.76   134.57   141.32
  UGC06787           11.380   247.00     1.99    147.542    177.019    1.0000    22.29   131.10   134.58
  UGC06787           12.400   238.00     3.15    142.494    168.936    1.0000    22.29   127.84   128.93
  UGC06787           13.410   229.00     1.67    138.341    161.130    1.0000    21.87   125.70   123.98
  UGC06787           14.430   223.00     3.52    134.380    155.625    1.0000    21.55   123.24   119.52
  UGC06787           15.440   220.00     1.13    130.700    152.347    1.0000    21.55   120.61   115.54
  UGC06787           16.570   220.00     1.12    127.007    151.062    1.0000    22.08   117.78   111.53
  UGC06787           17.580   224.00     1.93    124.064    152.635    1.0000    22.61   115.53   108.28
  UGC06787           18.600   228.00     2.04    121.208    154.121    1.0000    23.25   113.08   105.27
  UGC06787           19.610   234.00     2.55    118.436    156.867    1.0000    24.20   110.31   102.52
  UGC06787           20.620   239.00     2.91    116.144    158.819    1.0000    26.01   107.85    99.98
  UGC06787           21.640   243.00     3.08    114.340    159.981    1.0000    28.66   105.68    97.60
  UGC06787           22.770   245.00     3.60    112.748    159.573    1.0000    31.74   103.62    95.14
  UGC06787           23.780   247.00     2.67    111.532    159.282    1.0000    34.40   101.87    93.10
  UGC06787           24.790   249.00     3.37    110.150    158.920    1.0000    36.31    99.95    91.18
  UGC06787           25.810   250.00     2.08    108.479    157.841    1.0000    37.37    97.79    89.36
  UGC06787           26.820   251.00     1.68    106.775    156.726    1.0000    37.79    95.84    87.67
  UGC06787           27.840   251.00     2.78    105.113    154.924    1.0000    37.79    94.22    86.04
  UGC06787           29.410   248.00     3.40    102.447    150.301    1.0000    37.26    91.66    83.72
  UGC06787           30.990   246.00     2.91     99.627    146.295    1.0000    36.63    88.64    81.55
  UGC06787           32.570   249.00     3.46     97.032    145.148    1.0000    35.88    86.00    79.55
  UGC06787           34.030   252.00     3.23     94.991    143.989    1.0000    35.14    84.24    77.83
  UGC06787           37.190   255.00     4.16     90.360    138.748    1.0000    33.12    79.85    74.45
  UGC06818            0.870    23.40     5.55     19.654     15.168    0.7522     3.13    27.44     0.00
  UGC06818            1.740    28.00     5.20     27.680     18.619    0.7993     4.07    38.72     0.00
  UGC06818            2.610    36.70     4.25     29.740     24.922    0.8434     7.08    40.85     0.00
  UGC06818            3.500    47.60     4.25     31.134     33.230    0.9087    10.56    41.42     0.00
  UGC06818            4.370    63.30     4.75     31.422     45.522    1.0000    13.36    40.22     0.00
  UGC06818            5.240    71.20     5.25     32.731     49.755    1.0000    17.35    39.25     0.00
  UGC06818            6.110    68.10     6.00     32.642     46.042    1.0000    19.51    37.01     0.00
  UGC06818            6.980    74.40     6.00     32.265     48.401    1.0000    20.91    34.75     0.00
  UGC06917            1.740    59.20     3.50     39.775     43.586    1.0000     0.00    56.25     0.00
  UGC06917            2.610    71.20     4.00     41.783     51.644    1.0000     0.00    59.09     0.00
  UGC06917            3.500    84.50     4.40     44.109     60.213    1.0000     6.40    61.72     0.00
  UGC06917            4.370    93.50     4.50     47.389     65.272    1.0000    14.66    63.73     0.00
  UGC06917            5.240    97.50     3.50     48.913     66.526    1.0000    17.89    64.38     0.00
  UGC06917            6.110   100.00     3.50     50.045     66.576    1.0000    20.91    64.30     0.00
  UGC06917            6.980   101.00     4.00     51.743     65.505    1.0000    24.79    64.23     0.00
  UGC06917            7.850   103.00     3.50     52.363     64.940    1.0000    27.59    62.94     0.00
  UGC06917            8.720   105.00     4.00     52.590     64.154    1.0000    29.10    61.95     0.00
  UGC06917            9.600   110.00     4.90     53.984     64.760    1.0000    32.76    60.68     0.00
  UGC06917           10.470   111.00     6.00     56.303     62.563    1.0000    36.86    60.19     0.00
  UGC06923            0.930    40.50     7.35     36.986     22.009    0.5295     9.26    50.64     0.00
  UGC06923            1.940    53.90     5.90     42.347     31.142    0.5988    16.49    55.16     0.00
  UGC06923            2.870    73.00     4.70     45.333     45.284    0.7001    21.98    56.07     0.00
  UGC06923            3.720    78.40     3.90     46.722     53.160    0.8678    25.00    55.82     0.00
  UGC06923            4.470    79.30     5.30     47.372     56.016    1.0000    28.23    53.80     0.00
  UGC06923            5.160    81.10     5.10     47.913     55.196    1.0000    30.82    51.88     0.00
  UGC06930            1.740    54.70     8.30     37.208     34.096    0.6652     0.00    52.62     0.00
  UGC06930            3.500    85.40     7.00     42.714     56.413    0.7578     5.24    59.95     0.00
  UGC06930            5.240    93.80     6.20     47.783     66.222    0.8908    17.89    62.66     0.00
  UGC06930            6.980    98.70     5.20     52.847     72.246    1.0000    25.97    65.09     0.00
  UGC06930            8.720   103.00     5.20     55.990     73.427    1.0000    29.85    66.99     0.00
  UGC06930           10.470   107.00     5.20     58.686     74.053    1.0000    34.48    67.16     0.00
  UGC06930           12.190   109.00     5.20     60.561     72.993    1.0000    40.30    63.93     0.00
  UGC06930           13.940   108.00     7.40     59.942     69.674    1.0000    42.57    59.68     0.00
  UGC06930           15.680   108.00     7.40     55.924     66.842    1.0000    40.84    54.03     0.00
  UGC06930           16.610   108.00     7.40     54.174     65.214    1.0000    39.98    51.70     0.00
  UGC06973            1.740   170.00     4.70    259.717    104.595    0.6662     2.96   330.95   134.59
  UGC06973            2.610   174.00     4.20    221.001    117.472    0.8237    15.30   283.41   109.85
  UGC06973            3.500   170.00     4.20    195.717    123.393    1.0000    20.26   251.38    94.86
  UGC06973            4.370   170.00     4.30    174.747    119.780    1.0000    23.49   223.34    84.89
  UGC06973            5.320   171.00     4.80    160.091    116.452    1.0000    28.67   203.29    76.94
  UGC06973            6.280   174.00     4.90    148.229    114.073    1.0000    33.19   186.33    70.82
  UGC06973            6.810   177.00    10.10    142.034    113.334    1.0000    32.98   178.04    68.00
  UGC06973            7.330   178.00     6.30    136.361    111.104    1.0000    32.11   170.62    65.55
  UGC06973            7.850   180.00     7.70    131.397    109.224    1.0000    30.71   164.40    63.34
  UGC06983            1.740    56.90     6.60     40.680     42.280    1.0000     0.00    57.53     0.00
  UGC06983            2.610    87.40     4.80     44.668     64.020    1.0000     0.00    63.17     0.00
  UGC06983            3.500    92.10     5.70     43.204     66.210    1.0000     0.00    61.10     0.00
  UGC06983            4.370    93.50     5.20     42.622     66.040    1.0000     8.69    59.01     0.00
  UGC06983            5.240    98.20     4.40     44.008     68.142    1.0000    16.60    57.64     0.00
  UGC06983            6.110    99.70     4.40     44.141     67.928    1.0000    18.86    56.44     0.00
  UGC06983            6.980   102.00     3.50     46.228     68.199    1.0000    23.82    56.03     0.00
  UGC06983            7.850   107.00     4.40     49.280     70.098    1.0000    29.74    55.57     0.00
  UGC06983            8.720   108.00     4.40     48.842     69.201    1.0000    30.17    54.32     0.00
  UGC06983            9.600   110.00     4.40     48.973     68.808    1.0000    31.90    52.55     0.00
  UGC06983           10.470   113.00     4.40     50.994     68.849    1.0000    35.89    51.23     0.00
  UGC06983           11.350   110.00     5.20     51.889     65.137    1.0000    38.26    49.57     0.00
  UGC06983           12.190   108.00     5.70     51.840     62.191    1.0000    39.33    47.76     0.00
  UGC06983           13.120   109.00     8.60     51.905     60.719    1.0000    40.63    45.68     0.00
  UGC06983           13.940   108.00     9.80     51.165     58.274    1.0000    40.95    43.38     0.00
  UGC06983           14.860   108.00     9.80     50.086     56.047    1.0000    40.63    41.42     0.00
  UGC06983           15.680   109.00    12.30     49.059     54.405    1.0000    40.09    39.99     0.00
  UGC07089            0.870    20.90     4.70     14.208     15.086    1.0000     4.05    19.26     0.00
  UGC07089            1.740    36.40     3.90     24.898     25.986    1.0000     8.89    32.89     0.00
  UGC07089            2.610    43.40     3.90     32.287     30.543    1.0000    12.07    42.35     0.00
  UGC07089            3.500    51.20     4.70     35.781     35.446    1.0000    13.47    46.88     0.00
  UGC07089            4.370    59.70     3.90     38.234     40.531    1.0000    14.33    50.13     0.00
  UGC07089            5.240    64.50     4.40     40.230     42.779    1.0000    18.10    50.81     0.00
  UGC07089            6.110    67.90     3.90     41.106     43.855    1.0000    21.23    49.78     0.00
  UGC07089            6.550    72.80     7.30     41.418     46.295    1.0000    22.41    49.26     0.00
  UGC07089            6.980    70.30     6.10     41.702     43.988    1.0000    23.49    48.73     0.00
  UGC07089            7.850    73.70     6.10     42.062     44.529    1.0000    25.32    47.50     0.00
  UGC07089            8.720    77.60     6.10     42.013     44.926    1.0000    26.40    46.22     0.00
  UGC07089            9.160    79.10     7.30     41.618     44.640    1.0000    26.40    45.50     0.00
  UGC07125            1.440    26.10     3.30     21.516     18.182    0.8582     9.09    27.58     0.00
  UGC07125            2.880    43.00     3.47     30.875     31.306    0.9612    16.12    37.24     0.00
  UGC07125            4.330    48.50     2.35     31.987     35.371    1.0000    15.32    39.71     0.00
  UGC07125            5.760    52.50     2.00     33.189     37.567    1.0000    18.34    39.12     0.00
  UGC07125            7.200    56.40     2.05     31.937     39.546    1.0000    17.63    37.66     0.00
  UGC07125            8.640    58.50     2.21     34.191     40.134    1.0000    22.27    36.69     0.00
  UGC07125           10.080    61.50     2.10     36.304     41.202    1.0000    25.80    36.12     0.00
  UGC07125           11.470    64.60     2.01     38.458     42.166    1.0000    29.52    34.86     0.00
  UGC07125           13.000    65.60     2.12     43.993     41.449    1.0000    36.98    33.70     0.00
  UGC07125           14.420    65.40     2.65     44.559     39.974    1.0000    38.39    31.99     0.00
  UGC07125           15.840    65.50     3.05     43.195     38.603    1.0000    37.89    29.33     0.00
  UGC07125           17.260    65.10     3.22     43.588     36.846    1.0000    39.00    27.53     0.00
  UGC07125           18.680    64.90     3.48     39.108     35.102    1.0000    34.46    26.15     0.00
  UGC07151            0.500    24.20     2.18     17.522     16.877    0.8773    -0.51    24.79     0.00
  UGC07151            1.000    42.00     2.91     27.139     30.220    0.9523    -5.39    39.13     0.00
  UGC07151            1.500    59.40     2.40     31.914     43.013    1.0000    -5.79    45.87     0.00
  UGC07151            2.000    63.90     2.01     35.876     45.176    1.0000     7.68    49.56     0.00
  UGC07151            2.490    66.00     2.00     37.952     45.527    1.0000    15.55    48.96     0.00
  UGC07151            3.000    67.20     2.07     39.146     45.138    1.0000    19.33    48.14     0.00
  UGC07151            3.490    68.70     2.38     38.658     44.914    1.0000    19.89    46.88     0.00
  UGC07151            4.000    71.30     2.91     40.984     45.180    1.0000    25.08    45.84     0.00
  UGC07151            4.490    72.50     3.21     41.737     44.405    1.0000    25.36    46.88     0.00
  UGC07151            5.010    74.00     3.41     42.797     43.492    1.0000    26.06    48.01     0.00
  UGC07151            5.500    76.20     3.17     44.105     42.761    1.0000    28.30    47.84     0.00
  UGC07232            0.210    16.40     3.30     11.518      8.627    0.4795     3.43    15.55     0.00
  UGC07232            0.410    26.20     3.30     19.032     14.411    0.5208     6.87    25.10     0.00
  UGC07232            0.620    35.20     3.30     20.827     20.779    0.5988    10.25    25.64     0.00
  UGC07232            0.820    44.00     3.30     21.408     28.955    0.7607    12.77    24.30     0.00
  UGC07261            0.950    46.80     5.66     19.991     25.828    0.5388     3.86    27.74     0.00
  UGC07261            1.900    63.00     5.66     36.387     37.490    0.6281     4.52    51.06     0.00
  UGC07261            2.860    66.80     5.66     36.554     43.030    0.7491     4.73    51.26     0.00
  UGC07261            3.810    69.60     5.66     37.175     48.431    0.9073    12.72    49.40     0.00
  UGC07261            4.760    73.40     5.66     36.145     52.032    1.0000    18.24    44.13     0.00
  UGC07261            5.720    74.70     5.66     36.436     50.919    1.0000    23.64    39.21     0.00
  UGC07261            6.670    76.10     5.66     38.668     49.534    1.0000    29.52    35.32     0.00
  UGC07323            0.580    23.90     3.87     15.594     17.417    0.9633     1.43    21.96     0.00
  UGC07323            1.170    34.70     3.87     24.813     25.530    1.0000     3.24    34.79     0.00
  UGC07323            1.750    42.80     3.87     30.456     31.159    1.0000    -0.61    43.08     0.00
  UGC07323            2.330    51.30     3.87     34.220     36.893    1.0000    -3.66    48.67     0.00
  UGC07323            2.910    57.70     3.87     38.297     40.908    1.0000     9.71    52.39     0.00
  UGC07323            3.500    67.30     3.87     41.803     46.875    1.0000    13.91    55.75     0.00
  UGC07323            4.070    75.40     3.87     45.510     51.375    1.0000    18.68    58.69     0.00
  UGC07323            4.650    79.50     3.87     49.779     52.711    1.0000    24.75    61.08     0.00
  UGC07323            5.230    82.80     3.87     51.448     53.159    1.0000    27.13    61.82     0.00
  UGC07323            5.820    85.60     3.87     51.744     52.837    1.0000    28.72    60.87     0.00
  UGC07399            0.610    47.30     2.77     22.746     30.585    0.7194     2.98    31.89     0.00
  UGC07399            1.220    70.40     3.27     28.819     47.789    0.8052     8.37    39.00     0.00
  UGC07399            1.840    83.70     2.50     29.971     60.162    0.9294    14.43    37.15     0.00
  UGC07399            2.450    89.10     2.45     31.386     65.096    1.0000    17.93    36.43     0.00
  UGC07399            3.070    91.70     2.48     32.591     65.459    1.0000    20.44    35.90     0.00
  UGC07399            3.680    95.10     3.01     32.586     66.265    1.0000    21.54    34.58     0.00
  UGC07399            4.300    96.90     3.62     32.115     65.745    1.0000    21.34    33.94     0.00
  UGC07399            4.910   100.00     3.90     32.762     65.903    1.0000    23.04    32.94     0.00
  UGC07399            5.520   103.00     4.82     33.867     65.642    1.0000    25.45    31.60     0.00
  UGC07399            6.130   106.00     4.97     33.688     64.921    1.0000    25.55    31.05     0.00
  UGC07524            0.350    14.40     2.82     10.908      8.976    0.7117    -0.61    15.45     0.00
  UGC07524            0.690    24.40     3.97     12.634     15.506    0.7420    -1.22    17.95     0.00
  UGC07524            1.030    29.20     3.26     14.130     19.120    0.7911    -2.04    20.19     0.00
  UGC07524            1.380    32.90     3.73     15.055     22.355    0.8565    -1.72    21.43     0.00
  UGC07524            1.720    37.80     3.41     16.505     26.782    0.9377     3.47    22.82     0.00
  UGC07524            2.070    42.00     3.12     18.131     30.589    1.0000     3.53    25.15     0.00
  UGC07524            2.410    45.10     2.92     19.409     32.683    1.0000     4.13    26.82     0.00
  UGC07524            2.760    47.60     2.79     21.616     34.312    1.0000     6.88    28.98     0.00
  UGC07524            3.100    52.30     2.78     23.237     37.492    1.0000     9.39    30.06     0.00
  UGC07524            3.450    57.30     2.78     24.917     40.813    1.0000    11.99    30.89     0.00
  UGC07524            3.790    61.40     2.93     26.520     43.428    1.0000    14.78    31.14     0.00
  UGC07524            4.140    64.50     3.42     28.269     45.264    1.0000    16.87    32.08     0.00
  UGC07524            4.480    66.40     4.53     29.508     46.222    1.0000    18.27    32.77     0.00
  UGC07524            4.820    66.90     5.46     30.305     46.187    1.0000    19.32    33.02     0.00
  UGC07524            5.170    69.40     4.77     31.056     47.492    1.0000    19.78    33.86     0.00
  UGC07524            5.510    70.20     4.44     31.191     47.610    1.0000    19.55    34.37     0.00
  UGC07524            5.860    70.90     4.24     31.215     47.632    1.0000    19.78    34.15     0.00
  UGC07524            6.200    72.30     4.38     31.776     48.111    1.0000    20.48    34.36     0.00
  UGC07524            6.550    73.90     3.51     32.686     48.669    1.0000    21.53    34.78     0.00
  UGC07524            6.890    75.00     3.22     33.730     48.873    1.0000    22.81    35.14     0.00
  UGC07524            7.250    75.50     3.23     34.832     48.625    1.0000    24.09    35.58     0.00
  UGC07524            7.580    77.10     2.98     35.989     49.097    1.0000    25.37    36.10     0.00
  UGC07524            7.940    77.00     2.79     37.274     48.403    1.0000    26.77    36.68     0.00
  UGC07524            8.270    77.00     2.82     38.579     47.815    1.0000    28.28    37.11     0.00
  UGC07524            8.630    78.20     2.93     39.967     47.884    1.0000    29.91    37.49     0.00
  UGC07524            8.970    79.60     3.14     40.966     48.053    1.0000    31.07    37.76     0.00
  UGC07524            9.300    80.30     3.39     41.868     47.765    1.0000    32.12    37.98     0.00
  UGC07524            9.660    81.20     3.66     42.648     47.475    1.0000    33.05    38.12     0.00
  UGC07524            9.990    82.30     3.90     43.286     47.305    1.0000    33.75    38.33     0.00
  UGC07524           10.350    83.80     4.10     43.923     47.197    1.0000    34.21    38.96     0.00
  UGC07524           10.690    79.00     2.78     43.916     43.627    1.0000    34.56    38.32     0.00
  UGC07559            0.360     9.31     3.23      7.305      5.770    0.6849     2.82     9.53     0.00
  UGC07559            0.720    15.90     3.23     12.080     10.134    0.7303     5.91    14.90     0.00
  UGC07559            1.080    21.40     3.23     14.092     14.188    0.8032     7.85    16.55     0.00
  UGC07559            1.450    26.10     3.23     15.537     18.293    0.9276     9.57    17.31     0.00
  UGC07559            1.800    29.70     3.23     16.652     21.048    1.0000    11.59    16.91     0.00
  UGC07559            2.170    31.10     3.23     18.114     21.221    1.0000    14.33    15.67     0.00
  UGC07559            2.530    32.10     3.23     19.755     20.933    1.0000    16.45    15.47     0.00
  UGC07577            0.190     3.74     3.17      1.614      2.686    1.0000    -1.81     3.43     0.00
  UGC07577            0.380     5.40     3.17      3.929      3.851    1.0000    -1.88     6.16     0.00
  UGC07577            0.570     7.31     3.17      6.286      5.168    1.0000     1.42     8.66     0.00
  UGC07577            0.750     8.85     3.17      8.763      6.193    1.0000     4.71    10.45     0.00
  UGC07577            0.940    10.70     3.17     10.104      7.388    1.0000     5.82    11.68     0.00
  UGC07577            1.130    12.40     3.17     10.978      8.415    1.0000     6.52    12.49     0.00
  UGC07577            1.320    14.10     3.17     12.212      9.359    1.0000     7.99    13.06     0.00
  UGC07577            1.510    15.90     3.17     12.604     10.251    1.0000     8.69    12.91     0.00
  UGC07577            1.690    17.80     3.17     12.394     11.050    1.0000     9.12    11.87     0.00
  UGC07603            0.340    19.60     2.89     14.596     13.988    0.9175     4.29    19.73     0.00
  UGC07603            0.680    32.50     2.89     20.738     23.844    0.9877     6.17    28.00     0.00
  UGC07603            1.020    41.90     2.89     23.100     30.512    1.0000     5.94    31.57     0.00
  UGC07603            1.370    50.60     2.89     24.269     36.194    1.0000     8.81    31.98     0.00
  UGC07603            1.710    57.00     2.89     26.937     39.907    1.0000    15.21    31.44     0.00
  UGC07603            2.050    60.50     2.89     27.548     41.310    1.0000    17.87    29.65     0.00
  UGC07603            2.390    60.50     2.89     26.340     40.201    1.0000    17.46    27.89     0.00
  UGC07603            2.740    60.00     2.89     24.421     38.728    1.0000    15.96    26.14     0.00
  UGC07603            3.080    61.50     2.89     23.321     38.507    1.0000    15.55    24.58     0.00
  UGC07603            3.420    61.50     2.89     23.114     37.231    1.0000    16.29    23.19     0.00
  UGC07603            3.760    63.00     2.89     23.009     36.718    1.0000    16.96    21.99     0.00
  UGC07603            4.110    64.00     2.89     22.657     35.628    1.0000    17.21    20.84     0.00
  UGC07608            0.600    14.60     6.69      8.225      9.483    0.7433     4.56     9.68     0.00
  UGC07608            1.190    31.50     6.69     11.242     20.873    0.7793     6.39    13.08     0.00
  UGC07608            1.790    44.80     6.69     14.227     30.789    0.8531     9.63    14.81     0.00
  UGC07608            2.380    50.60     6.69     17.589     36.405    0.9625    13.15    16.52     0.00
  UGC07608            2.990    55.60     6.69     19.155     39.940    1.0000    14.93    16.97     0.00
  UGC07608            3.590    61.40     6.69     21.530     43.003    1.0000    18.09    16.51     0.00
  UGC07608            4.180    66.00     6.69     24.214     44.811    1.0000    21.26    16.39     0.00
  UGC07608            4.780    69.30     6.69     26.720     45.223    1.0000    24.12    16.26     0.00
  UGC07690            0.590    45.30     4.31     32.634     22.203    0.4289     4.24    45.76     0.00
  UGC07690            1.180    59.80     4.31     36.486     32.163    0.5062    11.75    48.85     0.00
  UGC07690            1.770    60.70     4.31     35.658     36.069    0.6150    15.81    45.20     0.00
  UGC07690            2.360    58.80     4.31     35.367     38.398    0.7560    19.15    42.05     0.00
  UGC07690            2.950    57.90     4.31     34.162     41.572    0.9569    20.97    38.14     0.00
  UGC07690            3.540    56.90     4.31     32.843     40.322    1.0000    21.99    34.50     0.00
  UGC07690            4.130    55.90     4.31     31.413     38.021    1.0000    22.39    31.16     0.00
  UGC07866            0.330    12.20     4.07      7.254      7.311    0.6443     3.43     9.04     0.00
  UGC07866            0.660    19.40     4.07      9.961     12.123    0.7076     3.44    13.22     0.00
  UGC07866            1.000    23.90     4.07     13.276     15.779    0.8066     5.29    17.22     0.00
  UGC07866            1.330    26.00     4.07     15.213     18.223    0.9420     8.85    17.50     0.00
  UGC07866            1.670    28.20     4.07     16.433     19.827    1.0000    11.12    17.11     0.00
  UGC07866            2.000    30.60     4.07     17.868     20.805    1.0000    13.66    16.29     0.00
  UGC07866            2.320    33.10     4.07     18.420     21.569    1.0000    14.34    16.35     0.00
  UGC08286            0.470    22.20     2.81     10.744     15.545    0.8690    -3.85    16.14     0.00
  UGC08286            0.950    43.40     3.47     17.177     31.068    0.9195    -1.38    24.37     0.00
  UGC08286            1.420    60.20     3.04     21.211     44.420    1.0000    -0.63    30.01     0.00
  UGC08286            1.900    69.60     2.05     25.983     50.518    1.0000     8.67    34.64     0.00
  UGC08286            2.370    72.50     2.00     29.527     51.716    1.0000    11.40    38.52     0.00
  UGC08286            2.840    74.30     2.02     30.084     52.079    1.0000    11.54    39.29     0.00
  UGC08286            3.300    75.80     2.01     31.301     52.213    1.0000    12.92    40.32     0.00
  UGC08286            3.780    77.20     2.05     32.505     52.191    1.0000    16.18    39.87     0.00
  UGC08286            4.250    79.30     2.08     33.779     52.585    1.0000    18.85    39.64     0.00
  UGC08286            4.730    81.30     2.08     35.343     52.777    1.0000    23.39    37.47     0.00
  UGC08286            5.200    81.60     2.03     34.087     51.805    1.0000    23.16    35.37     0.00
  UGC08286            5.670    82.10     2.02     33.386     50.907    1.0000    23.39    33.69     0.00
  UGC08286            6.150    82.90     2.00     31.753     50.087    1.0000    22.11    32.23     0.00
  UGC08286            6.620    83.20     2.00     31.335     48.902    1.0000    22.46    30.90     0.00
  UGC08286            7.100    83.50     2.02     33.415     47.596    1.0000    26.07    29.56     0.00
  UGC08286            7.570    83.80     2.00     32.631     46.215    1.0000    25.72    28.40     0.00
  UGC08286            8.040    84.30     2.00     32.683     44.810    1.0000    26.30    27.44     0.00
  UGC08490            0.340    38.80     3.69     19.728     24.639    0.7704     0.91    27.87     0.00
  UGC08490            0.680    50.10     3.69     28.833     33.042    0.8463     7.10    39.52     0.00
  UGC08490            1.020    60.20     3.69     33.101     41.122    0.9296    10.23    44.52     0.00
  UGC08490            1.360    68.20     3.69     34.905     47.582    1.0000    12.18    46.26     0.00
  UGC08490            1.690    72.80     3.69     35.451     49.929    1.0000    14.42    45.80     0.00
  UGC08490            2.030    75.30     3.69     35.335     50.714    1.0000    15.29    45.05     0.00
  UGC08490            2.370    76.60     3.69     35.611     50.652    1.0000    18.41    43.11     0.00
  UGC08490            2.700    77.60     3.69     35.709     50.401    1.0000    20.65    41.20     0.00
  UGC08490            3.050    78.50     3.69     35.157     50.008    1.0000    21.24    39.62     0.00
  UGC08490            3.380    78.20     3.69     34.896     48.906    1.0000    22.11    38.18     0.00
  UGC08490            3.720    78.80     3.69     35.312     48.339    1.0000    23.77    36.93     0.00
  UGC08490            4.060    79.20     3.69     35.546     47.627    1.0000    25.04    35.68     0.00
  UGC08490            4.390    79.20     3.69     34.596     46.688    1.0000    24.74    34.20     0.00
  UGC08490            4.740    79.20     3.69     33.723     45.682    1.0000    24.74    32.41     0.00
  UGC08490            5.080    78.80     3.69     32.432     44.470    1.0000    23.87    31.05     0.00
  UGC08490            5.410    78.50     3.69     30.712     43.345    1.0000    22.31    29.85     0.00
  UGC08490            5.750    80.10     3.69     30.417     43.185    1.0000    22.60    28.79     0.00
  UGC08490            6.090    80.10     3.69     30.411     42.092    1.0000    23.18    27.84     0.00
  UGC08490            6.420    80.10     3.69     29.875     40.999    1.0000    22.99    26.98     0.00
  UGC08490            6.770    80.10     3.69     29.517     39.798    1.0000    22.99    26.18     0.00
  UGC08490            7.110    79.80     3.69     29.055     38.446    1.0000    22.80    25.47     0.00
  UGC08490            7.440    79.80     3.69     29.628     37.234    1.0000    23.87    24.82     0.00
  UGC08490            7.780    79.50     3.69     29.533     35.797    1.0000    24.06    24.22     0.00
  UGC08490            8.120    79.50     3.69     28.352     34.439    1.0000    22.89    23.66     0.00
  UGC08490            8.460    78.80     3.69     28.304     31.894    0.9471    23.09    23.15     0.00
  UGC08490            8.800    77.90     3.69     28.340     28.536    0.8396    23.38    22.65     0.00
  UGC08490            9.130    77.20     3.69     27.685     25.202    0.7146    22.80    22.21     0.00
  UGC08490            9.470    77.60     3.69     27.031     22.300    0.5889    22.21    21.79     0.00
  UGC08490            9.770    76.60     3.69     26.887     19.063    0.4613    22.21    21.43     0.00
  UGC08490           10.150    77.60     3.69     26.958     16.760    0.3622    22.50    21.00     0.00
  UGC08550            0.490    25.00     2.04     12.525     16.938    0.8091     3.42    17.04     0.00
  UGC08550            0.970    42.50     2.70     19.320     30.344    0.9235     4.10    26.70     0.00
  UGC08550            1.470    48.00     2.15     22.850     34.840    1.0000    10.21    28.91     0.00
  UGC08550            1.950    49.20     2.08     23.409     34.832    1.0000    12.59    27.91     0.00
  UGC08550            2.440    50.40     2.06     21.757     34.788    1.0000    13.04    24.63     0.00
  UGC08550            2.920    51.60     2.04     19.777     34.710    1.0000    12.14    22.08     0.00
  UGC08550            3.410    53.20     2.00     19.582     34.786    1.0000    13.38    20.22     0.00
  UGC08550            3.890    55.10     2.05     19.954     34.923    1.0000    14.95    18.69     0.00
  UGC08550            4.390    57.80     2.24     22.084     35.259    1.0000    18.33    17.42     0.00
  UGC08550            4.880    57.30     2.00     24.208     33.460    1.0000    21.25    16.40     0.00
  UGC08550            5.360    57.50     2.00     24.637     31.979    1.0000    22.04    15.57     0.00
  UGC08699            0.220   152.00    39.40    133.529     86.738    0.5150     0.62    26.39   158.03
  UGC08699            0.430   167.00    32.90    196.798     99.499    0.5569     1.83    47.21   231.80
  UGC08699            0.650   179.00    20.90    214.727    110.526    0.5958     2.76    65.47   250.59
  UGC08699            0.870   188.00    15.70    212.038    119.883    0.6346     3.59    80.81   244.02
  UGC08699            1.080   195.00    10.60    204.551    128.014    0.6729     4.38    93.20   231.39
  UGC08699            1.310   199.00     8.88    196.374    134.593    0.7158     5.12   104.66   217.32
  UGC08699            1.520   202.00     4.40    188.563    140.185    0.7562     5.84   113.51   203.82
  UGC08699            1.730   202.00     2.30    181.611    143.588    0.7970     6.53   120.80   191.40
  UGC08699            1.960   202.00     3.38    175.712    147.097    0.8416     7.20   127.95   179.83
  UGC08699            2.170   200.00     4.47    171.587    148.635    0.8823     7.85   133.72   170.88
  UGC08699            2.390   196.00     2.88    167.647    148.531    0.9243     8.49   138.13   162.54
  UGC08699            2.600   193.00     3.32    164.137    148.777    0.9637     9.10   140.07   156.06
  UGC08699            2.830   189.00     2.21    159.801    147.772    1.0000     9.69   139.86   149.58
  UGC08699            3.040   184.00    14.00    155.693    143.311    1.0000    10.26   138.24   144.32
  UGC08699            5.870   170.00     5.45    124.786    126.880    1.0000    16.97   124.36   103.86
  UGC08699            6.080   172.00     6.66    124.286    128.041    1.0000    17.59   125.28   102.05
  UGC08699            6.300   174.00     3.96    123.866    129.176    1.0000    18.32   126.27   100.25
  UGC08699            6.520   176.00     5.18    123.536    130.298    1.0000    18.94   127.31    98.55
  UGC08699            6.740   178.00     3.04    123.226    131.408    1.0000    19.56   128.27    96.92
  UGC08699            6.950   180.00     2.75    122.961    132.522    1.0000    20.18   129.11    95.45
  UGC08699            7.160   182.00     2.34    122.832    133.622    1.0000    20.90   130.08    94.04
  UGC08699            7.390   183.00     3.39    122.838    133.942    1.0000    21.52   131.37    92.56
  UGC08699            7.600   184.00     7.58    123.115    134.293    1.0000    22.25   132.89    91.28
  UGC08699            7.820   185.00     6.08    123.484    134.618    1.0000    22.97   134.56    89.98
  UGC08699            8.030   186.00     6.73    123.911    134.956    1.0000    23.70   136.18    88.80
  UGC08699            8.260   187.00     6.83    124.401    135.249    1.0000    24.42   137.94    87.55
  UGC08699            8.470   187.00     6.11    124.826    134.853    1.0000    25.15   139.40    86.46
  UGC08699            8.680   188.00     4.78    125.091    135.175    1.0000    25.77   140.55    85.41
  UGC08699            8.910   188.00     4.14    125.136    134.737    1.0000    26.49   141.30    84.30
  UGC08699            9.530   187.00     5.93    123.571    132.855    1.0000    28.25   140.15    81.51
  UGC08699            9.780   187.00     7.63    122.597    132.389    1.0000    28.97   138.99    80.46
  UGC08699            9.990   186.00     7.89    121.633    131.294    1.0000    29.60   137.71    79.61
  UGC08699           10.210   186.00     9.86    120.466    130.891    1.0000    30.11   136.12    78.75
  UGC08699           11.460   182.00     2.51    113.986    125.883    1.0000    33.53   126.50    74.33
  UGC08699           13.390   177.00     3.62    106.243    119.275    1.0000    37.77   114.46    68.77
  UGC08699           15.210   175.00     6.71    100.618    115.077    1.0000    39.12   106.58    64.52
  UGC08699           17.130   177.00     6.13     95.342    113.292    1.0000    39.12    99.72    60.80
  UGC08699           19.060   180.00     3.95     90.914    111.841    1.0000    39.01    94.00    57.64
  UGC08699           20.990   181.00     4.46     87.146    108.828    1.0000    38.70    89.28    54.92
  UGC08699           22.920   182.00     7.09     83.508    105.507    1.0000    37.05    85.64    52.56
  UGC08699           25.700   183.00     7.49     78.295     99.795    1.0000    34.05    80.57    49.64
  UGC08837            0.520     7.31     2.12      7.010      5.087    0.8714    -3.67    11.19     0.00
  UGC08837            1.050    14.60     2.05     10.767     10.266    0.8958    -4.64    16.58     0.00
  UGC08837            1.570    21.00     2.05     14.784     15.002    0.9358     2.40    20.63     0.00
  UGC08837            2.090    28.10     2.06     21.035     20.540    1.0000    12.60    23.82     0.00
  UGC08837            2.630    35.30     2.50     24.768     25.384    1.0000    16.76    25.79     0.00
  UGC08837            3.150    43.00     3.38     26.083     30.214    1.0000    17.12    27.83     0.00
  UGC08837            3.680    46.60     3.15     27.676     31.703    1.0000    20.09    26.92     0.00
  UGC08837            4.200    48.00     3.00     29.322     31.391    1.0000    22.95    25.81     0.00
  UGC09037            2.430    62.20     5.69     97.154     45.364    1.0000    10.89   136.53     0.00
  UGC09037            3.650    88.20     3.85    105.693     63.780    1.0000    14.29   148.10     0.00
  UGC09037            4.860   107.00     4.42    107.879     76.523    1.0000    16.72   150.72     0.00
  UGC09037            6.080   120.00     3.93    109.916     84.715    1.0000    25.95   151.05     0.00
  UGC09037            7.290   124.00     5.15    116.208     86.363    1.0000    32.85   157.64     0.00
  UGC09037            8.510   128.00     4.29    116.282     87.941    1.0000    38.20   155.32     0.00
  UGC09037            9.730   133.00     5.36    115.486     90.105    1.0000    40.33   153.04     0.00
  UGC09037           10.960   138.00     6.78    114.887     92.112    1.0000    39.17   152.74     0.00
  UGC09037           12.190   143.00     6.42    116.332     93.947    1.0000    46.36   150.89     0.00
  UGC09037           13.410   146.00     5.40    116.135     94.325    1.0000    53.75   145.59     0.00
  UGC09037           14.550   148.00     4.50    115.052     94.056    1.0000    56.66   141.61     0.00
  UGC09037           15.780   154.00     4.46    114.880     96.004    1.0000    60.84   137.81     0.00
  UGC09037           17.000   158.00     4.02    112.710     96.433    1.0000    62.11   133.01     0.00
  UGC09037           18.230   159.00     5.07    109.324     94.816    1.0000    60.94   128.36     0.00
  UGC09037           19.460   160.00     7.33    106.273     93.059    1.0000    60.06   123.99     0.00
  UGC09037           20.690   158.00     7.82    106.364     89.489    1.0000    64.05   120.09     0.00
  UGC09037           21.920   155.00     8.07    104.091     85.398    1.0000    63.17   117.00     0.00
  UGC09037           23.140   156.00     7.93    101.183     83.480    1.0000    61.23   113.92     0.00
  UGC09037           24.280   154.00     9.09    100.116     80.034    1.0000    62.40   110.72     0.00
  UGC09037           25.510   150.00    13.40     97.018     75.428    1.0000    60.16   107.64     0.00
  UGC09037           26.730   141.00    20.10     98.419     68.626    1.0000    64.54   105.08     0.00
  UGC09037           27.960   152.00    16.00     98.569     71.338    1.0000    66.58   102.79     0.00
  UGC09133            0.320   284.00    34.70    159.958    131.963    0.3789    -3.24    26.79   189.88
  UGC09133            0.630   282.00    18.80    246.993    137.612    0.4092    -2.41    50.47   292.13
  UGC09133            0.950   281.00    12.60    273.040    142.566    0.4370    -0.21    72.14   320.60
  UGC09133            1.260   280.00    10.60    280.701    147.259    0.4656     2.45    90.82   326.59
  UGC09133            1.580   280.00    10.80    283.205    152.742    0.4974     3.54   108.12   325.90
  UGC09133            1.890   279.00     7.67    281.920    157.798    0.5314     4.40   123.29   320.40
  UGC09133            2.210   279.00    11.20    279.624    163.631    0.5680     5.23   137.43   313.32
  UGC09133            2.520   279.00     4.45    276.755    169.434    0.6050     6.01   149.84   305.50
  UGC09133            2.840   279.00     5.03    273.673    175.209    0.6424     6.75   161.33   297.22
  UGC09133            3.150   279.00     4.26    271.895    180.668    0.6774     7.48   171.56   290.70
  UGC09133            3.470   279.00     4.14    272.172    185.808    0.7096     8.19   181.11   286.88
  UGC09133            3.790   279.00     5.73    272.617    190.434    0.7369     8.90   189.80   283.42
  UGC09133            4.100   280.00     4.52    272.391    195.078    0.7574     9.60   197.34   279.37
  UGC09133            4.420   280.00     4.86    271.222    198.411    0.7710    10.25   204.41   274.03
  UGC09133            4.730   280.00     1.59    269.046    200.914    0.7756    10.97   210.60   267.50
  UGC09133            5.050   281.00     1.85    266.064    203.416    0.7720    11.69   215.35   260.40
  UGC09133            5.360   282.00     4.81    262.854    205.068    0.7590    12.31   218.91   253.49
  UGC09133            5.680   282.00    20.30    259.653    205.272    0.7384    13.02   222.04   246.69
  UGC09133            5.990   283.00    12.80    256.843    205.392    0.7099    13.74   224.98   240.45
  UGC09133            6.310   284.00     8.08    254.353    204.708    0.6763    14.46   228.22   234.35
  UGC09133            6.620   284.00     7.81    252.598    202.410    0.6384    15.07   231.93   228.92
  UGC09133            6.940   285.00    10.40    251.209    200.389    0.5994    15.79   235.94   223.68
  UGC09133            7.570   286.00     6.82    248.570    199.028    0.5721    17.23   242.45   214.14
  UGC09133            7.890   287.00    13.40    246.708    196.358    0.5362    17.95   243.91   209.75
  UGC09133            8.200   287.00    10.50    244.463    192.894    0.5054    18.77   244.06   205.73
  UGC09133            8.310   288.00     2.93    243.707    189.626    0.4767    18.97   244.14   204.35
  UGC09133            8.520   288.00     5.58    242.446    186.131    0.4592    19.59   244.43   201.86
  UGC09133            8.830   288.00     5.74    240.879    183.321    0.4526    20.30   245.34   198.26
  UGC09133            9.150   288.00     7.00    239.242    180.888    0.4549    21.12   245.90   194.78
  UGC09133            9.780   289.00    12.70    235.417    180.475    0.4716    22.56   245.25   188.37
  UGC09133           10.100   289.00     3.89    233.111    179.019    0.4899    23.18   244.00   185.30
  UGC09133           11.040   288.00     5.02    226.384    179.158    0.5271    25.23   239.18   177.32
  UGC09133           11.360   288.00     3.39    224.249    178.702    0.5568    25.74   237.64   174.80
  UGC09133           11.670   288.00    10.70    222.319    178.539    0.5888    26.35   236.26   172.47
  UGC09133           13.570   285.00     4.07    212.751    181.190    0.6587    29.02   230.28   159.94
  UGC09133           13.880   284.00     8.92    211.173    181.010    0.6910    29.38   229.01   158.15
  UGC09133           14.200   284.00     5.69    209.764    181.451    0.7196    29.84   228.03   156.35
  UGC09133           16.610   278.00     9.14    199.657    183.524    0.7981    32.61   219.86   144.57
  UGC09133           19.350   273.00     6.10    190.791    186.273    0.8834    35.69   212.46   133.94
  UGC09133           22.190   269.00     2.26    181.407    189.269    0.9694    39.89   201.82   125.08
  UGC09133           24.920   265.00     1.32    175.086    190.570    1.0000    44.61   194.49   118.03
  UGC09133           27.660   262.00     3.15    169.510    191.539    1.0000    49.22   187.22   112.03
  UGC09133           30.500   257.00     4.71    163.724    189.530    1.0000    51.48   179.93   106.69
  UGC09133           33.230   252.00     4.96    158.095    185.587    1.0000    51.89   173.14   102.21
  UGC09133           35.960   247.00     2.58    151.916    180.253    1.0000    50.25   166.11    98.25
  UGC09133           38.800   242.00     2.52    145.908    174.957    1.0000    48.30   159.33    94.59
  UGC09133           41.540   238.00     2.30    140.875    170.564    1.0000    47.17   153.43    91.42
  UGC09133           44.270   235.00     0.63    136.773    166.984    1.0000    47.68   147.95    88.55
  UGC09133           47.110   236.00     1.40    133.480    166.215    1.0000    49.73   142.73    85.84
  UGC09133           49.840   239.00     2.07    130.320    166.860    1.0000    50.56   138.21    83.46
  UGC09133           52.580   242.00     2.63    126.648    167.418    1.0000    49.43   133.98    81.25
  UGC09133           55.420   245.00     1.64    123.458    167.826    1.0000    49.12   129.96    79.14
  UGC09133           58.150   247.00     1.31    121.355    167.526    1.0000    50.56   126.43    77.26
  UGC09133           60.890   246.00     2.14    120.053    165.147    1.0000    53.22   123.20    75.51
  UGC09133           63.620   243.00     4.00    118.063    161.460    1.0000    53.84   120.17    73.87
  UGC09133           66.460   239.00     4.67    115.795    157.111    1.0000    53.63   117.27    72.27
  UGC09133           69.190   234.00     5.12    113.629    152.266    1.0000    53.12   114.70    70.83
  UGC09133           71.930   230.00     2.10    111.761    148.161    1.0000    53.02   112.26    69.47
  UGC09133           74.770   228.00     1.32    110.151    145.347    1.0000    53.32   109.91    68.14
  UGC09133           77.500   228.00     1.60    108.938    143.840    1.0000    54.04   107.81    66.93
  UGC09133           80.230   227.00     3.16    107.771    140.099    0.9772    54.66   105.81    65.78
  UGC09133           83.070   226.00     3.48    106.484    137.220    0.9651    54.96   103.86    64.64
  UGC09133           85.810   224.00     3.71    105.130    134.421    0.9615    54.86   102.09    63.60
  UGC09133           88.540   222.00     1.49    103.629    132.138    0.9650    54.35   100.40    62.62
  UGC09133           91.380   222.00     1.18    102.085    131.362    0.9746    53.73    98.74    61.64
  UGC09133           94.120   224.00     1.22    100.697    131.520    0.9810    53.22    97.22    60.73
  UGC09133           99.690   227.00     2.80     98.423    131.130    1.0000    52.91    94.34    59.01
  UGC09133          108.310   229.00     4.12     94.692    126.566    1.0000    51.38    90.37    56.61
  UGC09992            0.780    28.10     5.66     15.719     12.434    0.3750     6.39    20.31     0.00
  UGC09992            1.550    31.30     5.66     19.571     15.297    0.4429    10.35    23.49     0.00
  UGC09992            2.340    33.00     5.66     21.757     17.742    0.5288    14.50    22.94     0.00
  UGC09992            3.120    33.40     5.66     23.698     19.810    0.6482    17.55    22.52     0.00
  UGC09992            3.890    34.30     5.66     23.476     22.751    0.8440    17.55    22.05     0.00
  UGC10310            1.100    33.20     5.06     15.438     18.909    0.5704     3.45    21.28     0.00
  UGC10310            2.210    54.60     5.06     25.960     32.768    0.6362     6.51    35.54     0.00
  UGC10310            3.310    65.70     5.06     30.399     42.294    0.7445    11.85    39.59     0.00
  UGC10310            4.420    69.20     5.06     33.202     48.330    0.9109    18.75    38.75     0.00
  UGC10310            5.520    70.90     5.06     38.470     50.304    1.0000    26.75    39.10     0.00
  UGC10310            6.640    72.40     5.06     40.864     49.370    1.0000    30.80    37.98     0.00
  UGC10310            7.740    73.20     5.06     39.789     47.656    1.0000    30.90    35.45     0.00
  UGC11455            0.620    35.10     4.01     50.353     19.661    0.5260     0.82    71.20     0.00
  UGC11455            1.230    64.60     4.19     79.655     36.727    0.5417     1.00   112.64     0.00
  UGC11455            1.830    80.10     6.32     98.812     46.754    0.5709     2.09   139.71     0.00
  UGC11455            2.470   113.00    10.40    112.538     68.399    0.6139     3.39   159.08     0.00
  UGC11455            3.080   136.00     7.59    121.097     86.004    0.6705     2.17   171.23     0.00
  UGC11455            3.680   150.00     7.75    127.916     99.500    0.7388     0.18   180.90     0.00
  UGC11455            4.320   171.00     9.19    134.499    119.275    0.8194     0.00   190.21     0.00
  UGC11455            4.910   192.00     9.16    140.439    140.779    0.9096     0.20   198.61     0.00
  UGC11455            5.530   197.00     9.96    150.678    150.943    1.0000     0.20   213.09     0.00
  UGC11455            6.170   195.00    12.40    162.804    148.863    1.0000     0.00   230.24     0.00
  UGC11455            6.780   196.00     7.09    179.019    149.141    1.0000     0.58   253.17     0.00
  UGC11455            7.380   216.00     5.99    194.846    163.808    1.0000     2.58   275.53     0.00
  UGC11455            8.000   225.00     5.24    203.618    169.987    1.0000     0.00   287.96     0.00
  UGC11455            8.620   240.00     6.15    205.669    180.585    1.0000     0.00   290.86     0.00
  UGC11455            9.230   247.00     4.37    209.192    185.063    1.0000     7.92   295.63     0.00
  UGC11455            9.850   254.00     6.48    214.220    189.461    1.0000    16.06   302.10     0.00
  UGC11455           10.430   257.00     7.41    218.688    190.884    1.0000    21.24   307.81     0.00
  UGC11455           11.050   273.00     5.38    222.208    201.792    1.0000    23.48   312.49     0.00
  UGC11455           11.670   272.00     5.98    224.801    200.040    1.0000    24.19   316.07     0.00
  UGC11455           12.190   270.00    20.90    227.126    197.746    1.0000    23.78   319.44     0.00
  UGC11455           12.910   279.00     9.40    229.638    203.141    1.0000    22.46   323.20     0.00
  UGC11455           14.560   287.00    10.80    232.146    206.005    1.0000    23.48   326.62     0.00
  UGC11455           16.630   291.00    10.00    224.967    204.968    1.0000    24.49   316.26     0.00
  UGC11455           17.770   286.00     9.67    220.651    199.329    1.0000    24.49   310.12     0.00
  UGC11455           18.490   288.00     6.96    218.795    199.385    1.0000    26.12   307.21     0.00
  UGC11455           20.240   289.00     6.63    217.176    196.744    1.0000    41.26   301.54     0.00
  UGC11455           22.620   288.00    10.00    215.540    191.436    1.0000    55.90   294.39     0.00
  UGC11455           24.890   269.00     8.23    209.449    174.838    1.0000    53.66   286.32     0.00
  UGC11455           27.060   267.00     7.11    199.971    169.961    1.0000    52.14   273.02     0.00
  UGC11455           29.130   272.00     5.36    190.739    169.531    1.0000    47.05   261.41     0.00
  UGC11455           31.300   274.00     5.78    182.840    166.720    1.0000    45.53   250.43     0.00
  UGC11455           33.460   259.00     5.81    177.079    153.799    1.0000    50.92   239.85     0.00
  UGC11455           35.530   272.00     6.69    169.637    157.574    1.0000    49.39   229.51     0.00
  UGC11455           37.700   274.00     6.39    162.186    154.106    1.0000    46.04   219.93     0.00
  UGC11455           39.870   272.00     5.59    157.858    148.109    1.0000    49.19   212.13     0.00
  UGC11455           41.930   266.00     8.82    153.358    140.168    1.0000    49.09   205.47     0.00
  UGC11557            0.330     4.00     7.90     15.608      2.920    0.9763     1.71    21.94     0.00
  UGC11557            0.990    17.00     8.60     33.547     12.467    0.9884     2.41    47.32     0.00
  UGC11557            1.760    33.30     7.90     41.349     24.437    1.0000    -7.34    59.39     0.00
  UGC11557            2.420    44.90    10.50     48.909     32.709    1.0000   -10.59    70.77     0.00
  UGC11557            3.190    53.00     7.90     57.418     38.194    1.0000     0.97    81.19     0.00
  UGC11557            3.850    60.80     7.90     59.967     43.339    1.0000     9.74    83.68     0.00
  UGC11557            4.620    69.00     7.90     62.592     48.434    1.0000    11.43    87.03     0.00
  UGC11557            5.280    76.60     7.90     66.044     52.915    1.0000    16.36    90.49     0.00
  UGC11557            5.940    85.00     7.90     68.762     57.561    1.0000    17.72    93.96     0.00
  UGC11557            7.040    78.10     6.70     70.509     51.036    1.0000    24.54    93.48     0.00
  UGC11557            8.800    81.60     6.70     71.112     50.192    1.0000    35.45    87.18     0.00
  UGC11557           10.560    84.50     6.70     65.120     48.032    1.0000    33.35    79.10     0.00
  UGC11820            0.260    16.00     5.09      6.030      7.067    0.3944    -0.43     8.55     0.00
  UGC11820            0.440    18.90     4.44      9.871      8.360    0.3952     1.29    13.84     0.00
  UGC11820            0.610    25.80     3.36     13.019     11.405    0.3944     1.97    18.20     0.00
  UGC11820            0.790    35.80     3.79     15.311     15.813    0.3932     2.55    21.35     0.00
  UGC11820            1.010    44.10     7.91     17.586     19.486    0.3926     3.22    24.45     0.00
  UGC11820            5.260    59.65     0.98     25.469     30.317    0.5020    17.11    26.68     0.00
  UGC11820            7.910    69.15     1.23     33.289     37.146    0.5621    28.49    24.35     0.00
  UGC11820           10.520    76.95     0.54     38.775     43.989    0.6454    35.70    21.40     0.00
  UGC11820           13.140    81.25     0.73     37.893     50.102    0.7768    35.45    18.93     0.00
  UGC11820           15.820    84.45     1.31     37.361     56.879    1.0000    35.37    17.02     0.00
  UGC11914            0.280   168.00    49.70    179.495    111.030    0.6913     0.42    42.14   211.56
  UGC11914            0.370   187.00    40.20    188.679    125.630    0.7154     0.61    53.98   220.85
  UGC11914            0.470   204.00    26.90    195.954    139.844    0.7465     0.79    66.33   227.40
  UGC11914            0.560   218.00    23.50    201.156    152.529    0.7798     0.96    76.79   231.50
  UGC11914            0.650   232.00     8.63    205.160    165.866    0.8169     1.14    86.68   234.01
  UGC11914            0.750   243.00     4.97    209.589    177.821    0.8597     1.31    97.06   236.69
  UGC11914            0.840   253.00     3.65    214.680    189.045    0.9009     1.48   105.90   240.47
  UGC11914            0.930   262.00     2.86    220.364    199.591    0.9418     1.66   114.28   245.03
  UGC11914            1.030   269.00     3.80    225.939    208.797    0.9849     1.83   123.11   249.19
  UGC11914            1.120   275.00     5.39    230.058    214.316    1.0000     2.00   130.64   251.82
  UGC11914            1.210   280.00     5.01    233.359    217.422    1.0000     2.17   137.79   253.43
  UGC11914            1.300   284.00    10.00    235.789    219.730    1.0000     2.33   144.60   253.93
  UGC11914            1.410   287.00     6.59    237.898    221.078    1.0000     2.50   152.47   253.45
  UGC11914            1.500   289.00     3.56    239.136    221.828    1.0000     2.66   158.56   252.44
  UGC11914            1.590   290.00     6.13    240.062    221.816    1.0000     2.82   164.36   251.04
  UGC11914            1.680   291.00    10.20    240.628    221.811    1.0000     2.97   169.88   249.18
  UGC11914            1.780   292.00     8.61    240.967    221.728    1.0000     3.12   175.70   246.75
  UGC11914            1.870   292.00    11.20    241.069    220.980    1.0000     3.26   180.66   244.32
  UGC11914            1.960   291.00     5.15    241.168    219.494    1.0000     3.39   185.38   241.92
  UGC11914            2.050   291.00     4.92    241.375    218.779    1.0000     3.50   189.88   239.71
  UGC11914            2.160   291.00     9.32    241.618    217.920    1.0000     3.61   195.08   237.06
  UGC11914            2.250   290.00     7.19    241.803    216.484    1.0000     3.70   199.10   234.93
  UGC11914            2.340   290.00    12.20    242.010    215.808    1.0000     3.76   202.92   232.89
  UGC11914            2.430   290.00     7.94    242.358    215.141    1.0000     3.79   206.55   231.12
  UGC11914            2.460   290.00     5.16    242.527    214.920    1.0000     3.79   207.71   230.63
  UGC11914            2.530   290.00     3.56    242.878    214.408    1.0000     3.79   210.36   229.44
  UGC11914            2.620   290.00     3.79    243.282    213.755    1.0000     3.80   213.61   227.90
  UGC11914            2.710   290.00     5.65    243.769    213.109    1.0000     3.81   216.71   226.55
  UGC11914            2.800   290.00     9.38    244.134    212.469    1.0000     3.84   219.64   225.09
  UGC11914            2.990   290.00    10.60    244.423    211.133    1.0000     3.94   225.37   221.46
  UGC11914            3.280   291.00    15.30    244.038    209.845    1.0000     4.12   233.01   215.11
  UGC11914            3.740   292.00    18.80    241.800    207.398    1.0000     4.56   241.64   204.42
  UGC11914            3.830   292.00    15.20    241.225    206.783    1.0000     4.69   242.91   202.36
  UGC11914            4.020   292.00    19.80    240.049    205.491    1.0000     5.12   245.41   198.15
  UGC11914            4.090   292.00     2.40    239.572    205.016    1.0000     5.35   246.19   196.62
  UGC11914            4.120   292.00     9.00    239.365    204.812    1.0000     5.40   246.51   195.97
  UGC11914            4.300   291.00     8.71    237.991    202.902    1.0000     6.12   248.01   192.16
  UGC11914            4.390   291.00     7.92    237.204    202.300    1.0000     6.56   248.54   190.25
  UGC11914            4.490   291.00     8.84    236.366    201.632    1.0000     7.04   249.06   188.24
  UGC11914            4.580   290.00     4.20    235.590    200.343    1.0000     7.58   249.41   186.48
  UGC11914            4.870   289.00    10.60    233.066    197.750    1.0000     9.59   250.14   181.04
  UGC11914            4.910   288.00     2.26    232.716    196.806    1.0000    10.06   250.19   180.31
  UGC11914            4.960   288.00     6.97    232.277    196.483    1.0000    10.42   250.25   179.41
  UGC11914            5.050   287.00     3.23    231.525    195.223    1.0000    11.18   250.32   177.88
  UGC11914            5.140   287.00    10.20    230.747    194.647    1.0000    12.03   250.34   176.33
  UGC11914            5.240   286.00    10.30    229.902    193.332    1.0000    12.78   250.33   174.68
  UGC11914            5.330   286.00    17.80    229.131    192.761    1.0000    13.42   250.26   173.23
  UGC11914            5.420   285.00    11.40    228.388    191.519    1.0000    14.16   250.17   171.83
  UGC11914            5.510   285.00    12.00    227.635    190.953    1.0000    14.91   250.09   170.39
  UGC11914            5.610   284.00     4.03    226.863    189.658    1.0000    15.66   250.01   168.90
  UGC11914            5.710   284.00     4.73    226.171    189.034    1.0000    16.40   249.99   167.49
  UGC11914            5.800   283.00     6.44    225.554    187.810    1.0000    17.15   249.96   166.22
  UGC11914            5.890   283.00     4.96    224.914    187.252    1.0000    17.89   249.90   164.93
  UGC11914            5.980   283.00     5.37    224.317    186.694    1.0000    18.64   249.84   163.71
  UGC11914            6.080   283.00    11.00    223.637    186.073    1.0000    19.38   249.76   162.34
  UGC11914            6.150   283.00     1.14    223.204    185.637    1.0000    20.02   249.70   161.44
  UGC11914            6.170   283.00    17.30    223.091    185.512    1.0000    20.24   249.69   161.19
  UGC11914            6.260   283.00     7.94    222.525    184.950    1.0000    21.09   249.61   160.00
  UGC11914            6.350   283.00    18.30    221.957    184.388    1.0000    21.83   249.49   158.86
  UGC11914            6.730   284.00    10.50    219.496    182.629    1.0000    24.60   248.66   154.26
  UGC11914            6.830   284.00     9.37    218.815    181.987    1.0000    25.24   248.30   153.14
  UGC11914            6.920   285.00    12.90    218.190    182.044    1.0000    25.88   247.92   152.15
  UGC11914            7.370   288.00     1.24    214.868    180.936    1.0000    28.33   245.58   147.41
  UGC11914            8.600   297.00     2.13    204.068    177.240    1.0000    31.20   235.09   136.47
  UGC11914            9.830   305.00     5.07    192.132    170.748    1.0000    29.29   222.03   127.66
  UGC12506            0.820   107.00    25.60     24.507     65.193    0.6731     8.12    32.70     0.00
  UGC12506            2.460   159.00    26.50     60.785    102.075    0.7579    22.67    79.76     0.00
  UGC12506            4.100   194.00    13.90     82.397    130.694    0.8522    31.68   107.57     0.00
  UGC12506            5.740   198.00    14.60     94.397    139.486    0.9570    34.72   124.14     0.00
  UGC12506            7.380   211.00    13.20    102.356    149.704    1.0000    31.78   137.60     0.00
  UGC12506            9.020   222.00    13.60    112.645    155.040    1.0000    23.89   155.68     0.00
  UGC12506           10.650   230.00    11.60    120.105    158.059    1.0000    14.68   168.58     0.00
  UGC12506           12.290   239.00    11.60    124.851    161.494    1.0000    14.98   175.29     0.00
  UGC12506           13.930   237.00    11.60    127.225    157.416    1.0000    26.72   175.91     0.00
  UGC12506           15.570   240.00    11.60    130.799    156.693    1.0000    39.88   176.17     0.00
  UGC12506           17.210   245.00    11.60    133.871    157.119    1.0000    50.51   175.33     0.00
  UGC12506           18.850   249.00    11.60    134.547    156.693    1.0000    57.09   172.30     0.00
  UGC12506           20.490   248.00    11.60    133.171    153.022    1.0000    60.02   168.12     0.00
  UGC12506           22.130   250.00    11.60    131.193    151.136    1.0000    60.43   164.68     0.00
  UGC12506           23.770   255.00    11.60    128.302    150.820    1.0000    58.91   161.19     0.00
  UGC12506           25.410   244.00    14.90    125.134    141.113    1.0000    57.29   157.33     0.00
  UGC12506           27.050   244.00    11.60    123.153    137.975    1.0000    58.00   153.64     0.00
  UGC12506           28.680   249.00    11.60    122.687    137.462    1.0000    61.94   149.77     0.00
  UGC12506           30.320   251.00    11.60    122.568    134.960    1.0000    65.99   146.07     0.00
  UGC12506           31.960   249.00    11.60    121.604    130.162    1.0000    67.21   143.32     0.00
  UGC12506           33.600   244.00    12.90    118.813    123.848    1.0000    64.98   140.67     0.00
  UGC12506           35.240   239.00    16.20    115.746    117.676    1.0000    62.25   138.00     0.00
  UGC12506           36.880   238.00    18.40    113.976    113.494    1.0000    61.64   135.58     0.00
  UGC12506           38.520   241.00    24.90    113.750    110.973    1.0000    63.36   133.60     0.00
  UGC12506           40.160   237.00    23.00    113.561    105.051    1.0000    64.98   131.71     0.00
  UGC12506           41.800   228.00    14.00    112.531     97.134    1.0000    64.88   130.03     0.00
  UGC12506           43.440   233.00    16.90    111.755     91.038    0.9121    63.87   129.69     0.00
  UGC12506           45.080   233.00    13.70    112.521     81.426    0.7898    64.47   130.42     0.00
  UGC12506           46.710   230.00    11.60    111.477     70.882    0.6587    69.03   123.79     0.00
  UGC12506           48.350   226.00    11.60    113.816     60.562    0.5275    76.21   119.55     0.00
  UGC12506           49.990   225.00    11.60    116.610     51.916    0.4085    82.59   116.42     0.00
  UGC12632            0.710    24.10     7.55     10.083     17.121    0.9101     0.75    14.22     0.00
  UGC12632            1.420    33.60     5.02     14.349     24.568    0.9804     2.55    19.97     0.00
  UGC12632            2.140    44.80     3.38     18.490     32.714    1.0000     7.39    23.97     0.00
  UGC12632            2.850    54.40     2.90     21.590     39.156    1.0000    10.70    26.52     0.00
  UGC12632            3.550    57.40     2.89     22.725     40.660    1.0000    12.26    27.06     0.00
  UGC12632            4.260    61.40     3.44     23.435     42.757    1.0000    12.02    28.45     0.00
  UGC12632            4.970    63.80     3.64     25.060     43.618    1.0000    14.16    29.24     0.00
  UGC12632            5.690    65.50     3.82     26.147     43.904    1.0000    15.95    29.30     0.00
  UGC12632            6.400    67.60     3.54     28.593     44.372    1.0000    18.56    30.76     0.00
  UGC12632            7.110    69.20     2.91     30.724     44.396    1.0000    22.61    29.42     0.00
  UGC12632            7.820    70.30     2.79     33.263     43.992    1.0000    26.30    28.80     0.00
  UGC12632            8.520    71.40     2.93     34.488     43.492    1.0000    28.44    27.59     0.00
  UGC12632            9.250    73.20     3.00     35.066     43.200    1.0000    29.27    27.31     0.00
  UGC12632            9.950    73.00     2.81     36.104     41.640    1.0000    30.70    26.87     0.00
  UGC12632           10.660    73.10     2.79     36.658     40.129    1.0000    31.41    26.73     0.00
  UGC12732            0.960    34.20     3.32     14.735     23.382    0.8411     1.81    20.68     0.00
  UGC12732            1.920    49.50     4.60     20.180     35.116    0.9214    -7.24    30.32     0.00
  UGC12732            2.880    59.90     4.38     23.322     43.738    1.0000    -2.56    33.18     0.00
  UGC12732            3.840    65.30     4.31     26.208     47.029    1.0000     8.12    35.24     0.00
  UGC12732            4.800    69.80     3.83     27.026     49.571    1.0000    11.30    34.72     0.00
  UGC12732            5.760    73.80     3.45     28.944     51.659    1.0000    16.00    34.11     0.00
  UGC12732            6.720    76.20     3.24     30.652     52.545    1.0000    18.20    34.88     0.00
  UGC12732            7.680    79.30     3.19     30.262     53.835    1.0000    19.20    33.08     0.00
  UGC12732            8.640    80.30     3.31     32.044     53.634    1.0000    23.30    31.11     0.00
  UGC12732            9.600    81.90     3.69     33.026     53.790    1.0000    25.50    29.68     0.00
  UGC12732           10.600    84.00     3.89     34.208     54.153    1.0000    27.80    28.19     0.00
  UGC12732           11.500    85.60     3.67     36.474     54.205    1.0000    31.10    26.95     0.00
  UGC12732           12.500    87.90     3.43     39.525     54.472    1.0000    35.10    25.70     0.00
  UGC12732           13.400    90.80     3.36     42.091     55.065    1.0000    38.30    24.69     0.00
  UGC12732           14.400    95.50     3.18     44.661     56.324    1.0000    41.40    23.69     0.00
  UGC12732           15.400    98.00     3.18     46.290     55.934    1.0000    43.40    22.77     0.00
  UGCA281             0.090     7.00     2.49      3.189      3.833    0.5336     1.74     3.78     0.00
  UGCA281             0.250    14.90     1.35      9.124      8.392    0.5643     4.38    11.32     0.00
  UGCA281             0.410    21.10     1.37     12.966     12.406    0.6169     6.41    15.94     0.00
  UGCA281             0.580    26.00     1.24     14.701     16.283    0.7094     7.97    17.47     0.00
  UGCA281             0.740    27.50     1.59     15.498     18.521    0.8455     9.12    17.72     0.00
  UGCA281             0.900    28.80     2.57     15.614     20.508    1.0000     9.81    17.18     0.00
  UGCA281             1.080    29.50     1.85     15.459     20.069    1.0000    10.01    16.66     0.00
  UGCA442             0.420    14.20     1.91      5.928      8.328    0.5986     4.87     4.78     0.00
  UGCA442             1.260    28.60     1.82     15.184     17.292    0.6381    13.14    10.76     0.00
  UGCA442             2.110    41.00     1.74     21.877     25.878    0.7017    19.65    13.60     0.00
  UGCA442             2.960    49.00     1.91     24.310     32.722    0.8018    22.42    13.29     0.00
  UGCA442             3.790    54.80     2.05     24.487     39.202    0.9587    22.82    12.56     0.00
  UGCA442             4.650    56.40     3.12     23.080     39.889    1.0000    21.37    12.33     0.00
  UGCA442             5.480    57.80     2.83     20.574     39.345    1.0000    18.73    12.04     0.00
  UGCA442             6.330    56.50     0.65     18.356     36.754    1.0000    16.75    10.62     0.00
  UGCA444             0.120     6.48     2.60      1.409      3.610    0.6037    -0.66     2.20     0.00
  UGCA444             0.190     8.60     2.65      1.652      4.869    0.6241     0.47     2.24     0.00
  UGCA444             0.260    10.20     3.03      2.648      5.931    0.6592     1.82     2.72     0.00
  UGCA444             0.330    11.70     3.55      3.700      7.046    0.7084     3.08     2.90     0.00
  UGCA444             0.400    12.70     3.75      4.680      7.967    0.7705     4.20     2.92     0.00
  UGCA444             0.470    14.10     3.43      5.735      9.244    0.8443     5.32     3.03     0.00
  UGCA444             0.550    16.00     3.33      7.081     10.996    0.9326     6.65     3.44     0.00
  UGCA444             0.620    18.10     2.66      8.386     12.840    1.0000     7.97     3.69     0.00
  UGCA444             0.690    21.20     3.78      9.634     14.978    1.0000     9.25     3.81     0.00
  UGCA444             0.760    21.60     3.33     10.730     15.192    1.0000    10.36     3.95     0.00
  UGCA444             0.830    23.30     3.09     11.946     16.311    1.0000    11.58     4.15     0.00
  UGCA444             0.900    24.50     3.26     12.761     17.064    1.0000    12.39     4.32     0.00
  UGCA444             0.970    24.40     3.29     13.474     16.908    1.0000    13.10     4.46     0.00
  UGCA444             1.040    25.30     2.78     14.086     17.443    1.0000    13.71     4.57     0.00
  UGCA444             1.110    25.40     2.78     14.602     17.422    1.0000    14.22     4.69     0.00
  UGCA444             1.190    25.90     2.73     15.020     17.660    1.0000    14.63     4.81     0.00
  UGCA444             1.260    26.70     2.67     15.226     18.110    1.0000    14.83     4.88     0.00
  UGCA444             1.330    27.10     3.16     15.432     18.282    1.0000    15.03     4.95     0.00
  UGCA444             1.400    28.60     3.34     15.542     19.184    1.0000    15.13     5.03     0.00
  UGCA444             1.480    28.90     3.21     15.659     19.251    1.0000    15.24     5.09     0.00
  UGCA444             1.550    30.40     4.14     15.763     20.121    1.0000    15.34     5.13     0.00
  UGCA444             1.620    30.80     4.35     15.964     20.248    1.0000    15.54     5.17     0.00
  UGCA444             1.690    30.50     4.56     15.971     19.914    1.0000    15.54     5.21     0.00
  UGCA444             1.750    33.00     4.04     15.972     21.410    1.0000    15.54     5.22     0.00
  UGCA444             1.830    32.10     4.35     16.075     20.641    1.0000    15.64     5.25     0.00
  UGCA444             1.900    32.90     4.36     16.079     20.989    1.0000    15.64     5.28     0.00
  UGCA444             1.970    34.20     4.90     16.083     21.634    1.0000    15.64     5.30     0.00
  UGCA444             2.040    32.60     3.98     16.084     20.446    1.0000    15.64     5.31     0.00
  UGCA444             2.110    33.70     4.73     16.185     20.955    1.0000    15.74     5.33     0.00
  UGCA444             2.190    33.80     4.67     16.091     20.801    1.0000    15.64     5.35     0.00
  UGCA444             2.260    34.90     3.74     16.093     21.273    1.0000    15.64     5.36     0.00
  UGCA444             2.330    36.10     5.47     16.098     21.774    1.0000    15.64     5.39     0.00
  UGCA444             2.400    37.20     5.39     15.715     22.180    1.0000    15.24     5.42     0.00
  UGCA444             2.480    37.60     7.10     15.235     22.101    1.0000    14.73     5.50     0.00
  UGCA444             2.550    35.60     4.73     14.735     20.667    1.0000    14.22     5.46     0.00
  UGCA444             2.620    38.30     7.78     14.300     21.944    1.0000    13.81     5.25     0.00
